Date,Price,Open,High,Low,Change %
2025-06-27,6173.07,6150.7,6187.68,6132.35,0.52%
2025-06-26,6141.02,6112.09,6146.52,6107.27,0.80%
2025-06-25,6092.16,6104.23,6108.51,6080.09,0.00%
2025-06-24,6092.18,6061.21,6101.76,6059.25,1.11%
2025-06-23,6025.17,5969.67,6028.77,5943.23,0.96%
2025-06-20,5967.84,5999.67,6018.2,5952.56,-0.22%
2025-06-18,5980.87,5987.93,6018.25,5971.89,-0.03%
2025-06-17,5982.72,6012.15,6023.25,5974.8,-0.84%
2025-06-16,6033.11,6004.0,6050.83,6004.0,0.94%
2025-06-13,5976.97,6000.56,6026.16,5963.21,-1.13%
2025-06-12,6045.26,6009.9,6045.43,6003.88,0.38%
2025-06-11,6022.24,6049.38,6059.4,6002.32,-0.27%
2025-06-10,6038.81,6009.91,6043.01,6000.28,0.55%
2025-06-09,6005.88,6004.63,6021.31,5994.18,0.09%
2025-06-06,6000.36,5987.06,6016.87,5978.63,1.03%
2025-06-05,5939.3,5985.67,5999.7,5921.2,-0.53%
2025-06-04,5970.81,5978.94,5990.48,5966.11,0.01%
2025-06-03,5970.37,5938.56,5981.35,5929.0,0.58%
2025-06-02,5935.94,5896.68,5937.4,5861.43,0.41%
2025-05-30,5911.69,5903.67,5922.14,5843.66,-0.01%
2025-05-29,5912.17,5939.96,5943.13,5873.8,0.40%
2025-05-28,5888.55,5925.54,5939.92,5881.88,-0.56%
2025-05-27,5921.54,5854.07,5924.33,5854.07,2.05%
2025-05-23,5802.82,5781.89,5829.51,5767.41,-0.67%
2025-05-22,5842.01,5841.26,5878.08,5825.82,-0.04%
2025-05-21,5844.61,5910.18,5938.37,5830.91,-1.61%
2025-05-20,5940.46,5944.66,5953.06,5909.26,-0.39%
2025-05-19,5963.6,5902.88,5968.61,5895.69,0.09%
2025-05-16,5958.38,5929.09,5958.62,5907.36,0.70%
2025-05-15,5916.93,5869.82,5924.21,5865.16,0.41%
2025-05-14,5892.58,5896.74,5906.55,5872.11,0.10%
2025-05-13,5886.55,5854.15,5906.64,5845.02,0.72%
2025-05-12,5844.19,5807.2,5845.37,5786.08,3.26%
2025-05-09,5659.91,5679.65,5691.69,5644.15,-0.07%
2025-05-08,5663.94,5663.6,5720.1,5635.38,0.58%
2025-05-07,5631.28,5614.18,5654.73,5578.64,0.43%
2025-05-06,5606.91,5605.87,5649.58,5586.04,-0.77%
2025-05-05,5650.38,5655.32,5683.38,5634.48,-0.64%
2025-05-02,5686.67,5645.88,5700.7,5642.28,1.47%
2025-05-01,5604.14,5625.14,5658.91,5597.35,0.63%
2025-04-30,5569.06,5499.44,5581.84,5433.24,0.15%
2025-04-29,5560.83,5508.87,5571.95,5505.7,0.58%
2025-04-28,5528.75,5529.22,5553.66,5468.64,0.06%
2025-04-25,5525.21,5489.73,5528.11,5455.86,0.74%
2025-04-24,5484.77,5381.38,5489.4,5371.96,2.03%
2025-04-23,5375.86,5395.92,5469.69,5356.17,1.67%
2025-04-22,5287.76,5207.67,5309.61,5207.67,2.51%
2025-04-21,5158.2,5232.94,5232.94,5101.63,-2.36%
2025-04-17,5282.7,5305.45,5328.31,5255.58,0.13%
2025-04-16,5275.7,5335.75,5367.24,5220.79,-2.24%
2025-04-15,5396.63,5411.99,5450.41,5386.44,-0.17%
2025-04-14,5405.97,5441.96,5459.46,5358.02,0.79%
2025-04-11,5363.36,5255.56,5381.46,5220.77,1.81%
2025-04-10,5268.05,5353.15,5353.15,5115.27,-3.46%
2025-04-09,5456.9,4965.28,5481.34,4948.43,9.52%
2025-04-08,4982.77,5193.57,5267.47,4910.42,-1.57%
2025-04-07,5062.25,4953.79,5246.57,4835.04,-0.23%
2025-04-04,5074.08,5292.14,5292.14,5069.9,-5.97%
2025-04-03,5396.52,5492.74,5499.53,5390.83,-4.84%
2025-04-02,5670.97,5580.76,5695.31,5571.48,0.67%
2025-04-01,5633.07,5597.53,5650.57,5558.52,0.38%
2025-03-31,5611.85,5527.91,5627.56,5488.73,0.55%
2025-03-28,5580.94,5679.2,5685.89,5572.42,-1.97%
2025-03-27,5693.31,5695.64,5732.28,5670.94,-0.33%
2025-03-26,5712.2,5771.66,5783.62,5694.41,-1.12%
2025-03-25,5776.65,5775.96,5786.95,5760.42,0.16%
2025-03-24,5767.57,5718.08,5775.14,5718.08,1.76%
2025-03-21,5667.56,5630.73,5670.84,5603.1,0.08%
2025-03-20,5662.89,5646.92,5711.15,5632.33,-0.22%
2025-03-19,5675.29,5632.37,5715.33,5622.2,1.08%
2025-03-18,5614.66,5654.53,5654.53,5597.76,-1.07%
2025-03-17,5675.12,5635.6,5703.52,5631.12,0.64%
2025-03-14,5638.94,5563.85,5645.27,5563.85,2.13%
2025-03-13,5521.52,5594.45,5597.78,5504.65,-1.39%
2025-03-12,5599.3,5624.84,5642.19,5546.09,0.49%
2025-03-11,5572.07,5603.65,5636.3,5528.41,-0.76%
2025-03-10,5614.56,5705.37,5705.37,5564.02,-2.70%
2025-03-07,5770.2,5726.01,5783.01,5666.29,0.55%
2025-03-06,5738.52,5785.87,5812.08,5711.64,-1.78%
2025-03-05,5842.63,5781.36,5860.59,5742.35,1.12%
2025-03-04,5778.15,5811.98,5865.08,5732.59,-1.22%
2025-03-03,5849.72,5968.33,5986.09,5810.91,-1.76%
2025-02-28,5954.5,5856.74,5959.4,5837.66,1.59%
2025-02-27,5861.57,5981.88,5993.69,5858.78,-1.59%
2025-02-26,5956.06,5970.87,6009.82,5932.69,0.01%
2025-02-25,5955.25,5982.73,5992.65,5908.49,-0.47%
2025-02-24,5983.25,6026.69,6043.65,5977.83,-0.50%
2025-02-21,6013.13,6114.1,6114.82,6008.56,-1.71%
2025-02-20,6117.52,6134.5,6134.5,6084.59,-0.43%
2025-02-19,6144.15,6117.76,6147.43,6111.15,0.24%
2025-02-18,6129.58,6121.6,6129.63,6099.51,0.24%
2025-02-14,6114.63,6115.52,6127.47,6107.62,-0.01%
2025-02-13,6115.07,6060.59,6116.91,6050.95,1.04%
2025-02-12,6051.97,6025.08,6063.0,6003.0,-0.27%
2025-02-11,6068.5,6049.32,6076.28,6042.34,0.03%
2025-02-10,6066.44,6046.4,6073.38,6044.84,0.67%
2025-02-07,6025.99,6083.13,6101.28,6019.96,-0.95%
2025-02-06,6083.57,6072.22,6084.03,6046.83,0.36%
2025-02-05,6061.48,6020.45,6062.86,6007.06,0.39%
2025-02-04,6037.88,5998.14,6042.48,5990.87,0.72%
2025-02-03,5994.57,5969.65,6022.13,5923.93,-0.76%
2025-01-31,6040.53,6096.79,6120.91,6030.93,-0.50%
2025-01-30,6071.17,6050.75,6086.64,6027.46,0.53%
2025-01-29,6039.31,6057.7,6062.83,6012.96,-0.47%
2025-01-28,6067.7,6026.97,6074.54,5994.63,0.92%
2025-01-27,6012.28,5969.04,6017.17,5962.92,-1.46%
2025-01-24,6101.24,6121.43,6128.18,6088.74,-0.29%
2025-01-23,6118.71,6076.32,6118.73,6074.67,0.53%
2025-01-22,6086.37,6081.39,6100.81,6076.13,0.61%
2025-01-21,6049.24,6014.12,6051.51,6006.88,0.88%
2025-01-17,5996.66,5995.4,6014.96,5978.44,1.00%
2025-01-16,5937.34,5963.61,5964.69,5930.72,-0.21%
2025-01-15,5949.91,5905.21,5960.61,5905.21,1.83%
2025-01-14,5842.91,5859.27,5871.92,5805.42,0.11%
2025-01-13,5836.22,5782.02,5838.61,5773.31,0.16%
2025-01-10,5827.04,5890.35,5890.35,5807.78,-1.54%
2025-01-08,5918.25,5910.66,5927.89,5874.78,0.16%
2025-01-07,5909.03,5993.26,6000.68,5890.68,-1.11%
2025-01-06,5975.38,5982.81,6021.04,5960.01,0.55%
2025-01-03,5942.47,5891.07,5949.34,5888.66,1.26%
2025-01-02,5868.55,5903.26,5935.09,5829.53,-0.22%
2024-12-31,5881.63,5919.74,5929.74,5868.86,-0.43%
2024-12-30,5906.94,5920.67,5940.79,5869.16,-1.07%
2024-12-27,5970.84,6006.17,6006.17,5932.95,-1.11%
2024-12-26,6037.59,6024.97,6049.75,6007.37,-0.04%
2024-12-24,6040.04,5984.63,6040.1,5981.44,1.10%
2024-12-23,5974.07,5940.25,5978.25,5902.57,0.73%
2024-12-20,5930.85,5842.0,5982.06,5832.3,1.09%
2024-12-19,5867.08,5912.71,5935.52,5866.07,-0.09%
2024-12-18,5872.16,6047.65,6070.67,5867.79,-2.95%
2024-12-17,6050.61,6052.55,6057.68,6035.19,-0.39%
2024-12-16,6074.08,6063.79,6085.19,6059.14,0.38%
2024-12-13,6051.09,6068.17,6078.58,6035.77,0.00%
2024-12-12,6051.25,6074.29,6079.68,6051.25,-0.54%
2024-12-11,6084.19,6060.15,6092.59,6060.15,0.82%
2024-12-10,6034.91,6057.59,6065.4,6029.89,-0.30%
2024-12-09,6052.85,6083.01,6088.51,6048.63,-0.61%
2024-12-06,6090.27,6081.38,6099.97,6079.98,0.25%
2024-12-05,6075.11,6089.03,6094.55,6072.9,-0.19%
2024-12-04,6086.49,6069.39,6089.84,6061.06,0.61%
2024-12-03,6049.88,6042.97,6052.07,6033.39,0.05%
2024-12-02,6047.15,6040.11,6053.58,6035.33,0.24%
2024-11-29,6032.38,6003.98,6044.17,6003.98,0.56%
2024-11-27,5998.74,6014.11,6020.16,5984.87,-0.38%
2024-11-26,6021.63,6000.03,6025.42,5992.27,0.57%
2024-11-25,5987.37,5992.28,6020.75,5963.91,0.30%
2024-11-22,5969.34,5944.36,5972.9,5944.36,0.35%
2024-11-21,5948.71,5940.58,5963.32,5887.26,0.53%
2024-11-20,5917.11,5914.34,5920.67,5860.56,0.00%
2024-11-19,5916.98,5870.05,5923.51,5855.29,0.40%
2024-11-18,5893.62,5874.17,5908.12,5865.95,0.39%
2024-11-15,5870.62,5912.79,5915.32,5853.01,-1.32%
2024-11-14,5949.17,5989.68,5993.88,5942.28,-0.60%
2024-11-13,5985.38,5985.75,6008.19,5965.91,0.02%
2024-11-12,5983.99,6003.6,6009.92,5960.08,-0.29%
2024-11-11,6001.35,6008.86,6017.31,5986.69,0.10%
2024-11-08,5995.54,5976.76,6012.45,5976.76,0.38%
2024-11-07,5973.1,5947.21,5983.84,5947.21,0.74%
2024-11-06,5929.04,5864.89,5936.14,5864.89,2.53%
2024-11-05,5782.76,5722.43,5783.44,5722.1,1.23%
2024-11-04,5712.69,5725.15,5741.43,5696.51,-0.28%
2024-11-01,5728.8,5723.22,5772.52,5723.22,0.41%
2024-10-31,5705.45,5775.34,5775.34,5702.86,-1.86%
2024-10-30,5813.67,5832.65,5850.94,5811.28,-0.33%
2024-10-29,5832.92,5819.68,5847.19,5802.17,0.16%
2024-10-28,5823.52,5833.93,5842.92,5823.08,0.27%
2024-10-25,5808.12,5826.75,5862.82,5799.98,-0.03%
2024-10-24,5809.86,5817.8,5817.8,5784.92,0.21%
2024-10-23,5797.42,5834.5,5834.85,5762.41,-0.92%
2024-10-22,5851.2,5832.7,5863.04,5821.17,-0.05%
2024-10-21,5853.98,5857.82,5866.92,5824.79,-0.18%
2024-10-18,5864.67,5859.43,5872.17,5846.11,0.40%
2024-10-17,5841.47,5875.62,5878.46,5840.25,-0.02%
2024-10-16,5842.47,5816.58,5846.52,5808.34,0.47%
2024-10-15,5815.26,5866.74,5870.36,5804.48,-0.76%
2024-10-14,5859.85,5829.81,5871.41,5829.57,0.77%
2024-10-11,5815.03,5775.09,5822.13,5775.09,0.61%
2024-10-10,5780.05,5778.36,5795.03,5764.76,-0.21%
2024-10-09,5792.04,5751.8,5796.8,5745.02,0.71%
2024-10-08,5751.13,5719.14,5757.6,5714.56,0.97%
2024-10-07,5695.94,5737.8,5739.34,5686.85,-0.96%
2024-10-04,5751.07,5737.48,5753.21,5702.83,0.90%
2024-10-03,5699.94,5698.19,5718.78,5677.37,-0.17%
2024-10-02,5709.54,5698.14,5719.63,5674.0,0.01%
2024-10-01,5708.75,5757.73,5757.73,5681.28,-0.93%
2024-09-30,5762.48,5726.52,5765.14,5703.53,0.42%
2024-09-27,5738.17,5755.36,5763.78,5727.34,-0.13%
2024-09-26,5745.37,5762.22,5767.37,5721.01,0.40%
2024-09-25,5722.26,5733.65,5741.03,5712.06,-0.19%
2024-09-24,5732.93,5727.66,5735.32,5698.99,0.25%
2024-09-23,5718.57,5711.9,5725.36,5704.22,0.28%
2024-09-20,5702.55,5709.64,5715.14,5674.49,-0.19%
2024-09-19,5713.64,5702.63,5733.57,5686.42,1.70%
2024-09-18,5618.26,5641.68,5689.75,5615.08,-0.29%
2024-09-17,5634.58,5655.51,5670.81,5614.05,0.03%
2024-09-16,5633.09,5615.21,5636.05,5604.53,0.13%
2024-09-13,5626.02,5603.34,5636.27,5601.65,0.54%
2024-09-12,5595.76,5557.48,5600.71,5535.5,0.75%
2024-09-11,5554.13,5496.42,5560.41,5406.96,1.07%
2024-09-10,5495.52,5490.51,5497.91,5441.72,0.45%
2024-09-09,5471.05,5442.07,5484.2,5434.49,1.16%
2024-09-06,5408.42,5507.33,5522.47,5402.62,-1.73%
2024-09-05,5503.41,5520.08,5546.3,5480.54,-0.30%
2024-09-04,5520.07,5506.68,5552.99,5503.66,-0.16%
2024-09-03,5528.93,5623.89,5623.89,5504.33,-2.12%
2024-08-30,5648.4,5612.74,5651.37,5581.79,1.01%
2024-08-29,5591.96,5607.3,5646.95,5583.71,0.00%
2024-08-28,5592.18,5624.51,5627.03,5560.95,-0.60%
2024-08-27,5625.8,5602.89,5631.18,5593.48,0.16%
2024-08-26,5616.84,5639.66,5651.62,5602.34,-0.32%
2024-08-23,5634.61,5602.49,5641.82,5585.16,1.15%
2024-08-22,5570.64,5637.77,5643.22,5560.95,-0.89%
2024-08-21,5620.85,5603.09,5632.68,5591.57,0.42%
2024-08-20,5597.12,5602.88,5620.51,5585.5,-0.20%
2024-08-19,5608.25,5557.23,5608.3,5550.74,0.97%
2024-08-16,5554.25,5530.5,5561.98,5525.17,0.20%
2024-08-15,5543.22,5501.13,5546.23,5501.13,1.61%
2024-08-14,5455.21,5442.36,5463.22,5415.91,0.38%
2024-08-13,5434.43,5376.98,5436.5,5376.98,1.68%
2024-08-12,5344.39,5351.88,5371.2,5324.37,0.00%
2024-08-09,5344.16,5314.66,5358.67,5300.84,0.47%
2024-08-08,5319.31,5252.57,5328.03,5233.85,2.30%
2024-08-07,5199.5,5293.13,5330.64,5195.54,-0.77%
2024-08-06,5240.03,5206.42,5312.34,5193.56,1.04%
2024-08-05,5186.33,5151.14,5250.89,5119.26,-3.00%
2024-08-02,5346.56,5376.63,5383.89,5302.03,-1.84%
2024-08-01,5446.68,5537.84,5566.16,5410.42,-1.37%
2024-07-31,5522.3,5505.59,5551.51,5493.75,1.58%
2024-07-30,5436.44,5478.73,5489.46,5401.7,-0.50%
2024-07-29,5463.54,5476.55,5487.74,5444.44,0.08%
2024-07-26,5459.1,5433.67,5488.32,5430.7,1.11%
2024-07-25,5399.22,5428.7,5491.59,5390.95,-0.51%
2024-07-24,5427.13,5505.84,5508.04,5419.98,-2.31%
2024-07-23,5555.74,5565.3,5585.34,5550.9,-0.16%
2024-07-22,5564.41,5544.54,5570.36,5529.04,1.08%
2024-07-19,5505.0,5543.37,5557.5,5497.04,-0.71%
2024-07-18,5544.59,5608.56,5614.05,5522.81,-0.78%
2024-07-17,5588.27,5610.07,5622.49,5584.81,-1.39%
2024-07-16,5667.2,5644.09,5669.67,5639.02,0.64%
2024-07-15,5631.22,5638.16,5666.94,5614.75,0.28%
2024-07-12,5615.35,5590.76,5655.56,5590.44,0.55%
2024-07-11,5584.54,5635.21,5642.45,5576.53,-0.88%
2024-07-10,5633.91,5591.26,5635.39,5586.44,1.02%
2024-07-09,5576.98,5584.24,5590.75,5574.57,0.07%
2024-07-08,5572.85,5572.75,5583.11,5562.51,0.10%
2024-07-05,5567.19,5537.91,5570.33,5531.63,0.54%
2024-07-03,5537.02,5507.44,5539.27,5507.42,0.51%
2024-07-02,5509.01,5461.84,5509.69,5458.43,0.62%
2024-07-01,5475.09,5471.08,5479.55,5446.53,0.27%
2024-06-28,5460.48,5488.48,5523.64,5451.12,-0.41%
2024-06-27,5482.87,5473.59,5490.81,5467.54,0.09%
2024-06-26,5477.9,5460.71,5483.14,5451.87,0.16%
2024-06-25,5469.3,5460.73,5472.88,5446.56,0.39%
2024-06-24,5447.87,5459.58,5490.66,5447.59,-0.31%
2024-06-21,5464.62,5466.77,5478.31,5452.03,-0.16%
2024-06-20,5473.17,5499.99,5505.53,5455.56,-0.25%
2024-06-18,5487.03,5476.15,5490.38,5471.32,0.25%
2024-06-17,5473.23,5431.11,5488.5,5420.4,0.77%
2024-06-14,5431.6,5424.08,5432.39,5403.75,-0.04%
2024-06-13,5433.74,5441.93,5441.93,5402.51,0.23%
2024-06-12,5421.03,5409.13,5447.25,5409.13,0.85%
2024-06-11,5375.32,5353.0,5375.95,5327.25,0.27%
2024-06-10,5360.79,5341.22,5365.79,5331.52,0.26%
2024-06-07,5346.99,5343.81,5375.08,5331.33,-0.11%
2024-06-06,5352.96,5357.8,5362.35,5335.36,-0.02%
2024-06-05,5354.03,5314.48,5354.16,5297.64,1.18%
2024-06-04,5291.34,5278.24,5298.8,5257.63,0.15%
2024-06-03,5283.4,5297.15,5302.11,5234.32,0.11%
2024-05-31,5277.51,5243.21,5280.33,5191.68,0.80%
2024-05-30,5235.48,5259.77,5260.21,5222.1,-0.60%
2024-05-29,5266.95,5278.73,5282.27,5262.7,-0.74%
2024-05-28,5306.04,5315.91,5315.91,5280.89,0.02%
2024-05-24,5304.72,5281.45,5311.65,5278.39,0.70%
2024-05-23,5267.84,5340.26,5341.88,5256.93,-0.74%
2024-05-22,5307.01,5319.28,5323.18,5286.01,-0.27%
2024-05-21,5321.41,5298.69,5324.32,5297.87,0.25%
2024-05-20,5308.13,5305.35,5325.32,5302.4,0.09%
2024-05-17,5303.27,5303.1,5305.45,5283.59,0.12%
2024-05-16,5297.1,5310.07,5325.49,5296.19,-0.21%
2024-05-15,5308.15,5263.26,5311.76,5263.26,1.17%
2024-05-14,5246.68,5221.1,5250.37,5217.98,0.48%
2024-05-13,5221.42,5233.08,5237.26,5211.16,-0.02%
2024-05-10,5222.68,5225.49,5239.66,5209.68,0.16%
2024-05-09,5214.08,5189.03,5215.3,5180.41,0.51%
2024-05-08,5187.67,5168.98,5191.95,5165.86,0.00%
2024-05-07,5187.7,5187.2,5200.23,5178.96,0.13%
2024-05-06,5180.74,5142.42,5181.0,5142.42,1.03%
2024-05-03,5127.79,5122.78,5139.12,5101.22,1.26%
2024-05-02,5064.2,5049.32,5073.21,5011.05,0.91%
2024-05-01,5018.39,5029.03,5096.12,5013.45,-0.34%
2024-04-30,5035.69,5103.78,5110.83,5035.31,-1.57%
2024-04-29,5116.17,5114.13,5123.49,5088.65,0.32%
2024-04-26,5099.96,5084.65,5114.62,5073.14,1.02%
2024-04-25,5048.42,5019.88,5057.75,4990.58,-0.46%
2024-04-24,5071.63,5084.86,5089.48,5047.02,0.02%
2024-04-23,5070.55,5028.85,5076.12,5027.96,1.20%
2024-04-22,5010.6,4987.33,5038.84,4969.4,0.87%
2024-04-19,4967.23,5005.44,5019.02,4953.56,-0.88%
2024-04-18,5011.12,5031.52,5056.66,5001.89,-0.22%
2024-04-17,5022.21,5068.97,5077.96,5007.25,-0.58%
2024-04-16,5051.41,5064.59,5079.84,5039.83,-0.21%
2024-04-15,5061.82,5149.67,5168.43,5052.47,-1.20%
2024-04-12,5123.41,5171.51,5175.03,5107.94,-1.46%
2024-04-11,5199.06,5172.95,5211.78,5138.77,0.74%
2024-04-10,5160.64,5167.88,5178.43,5138.7,-0.95%
2024-04-09,5209.91,5217.03,5224.81,5160.78,0.14%
2024-04-08,5202.39,5211.37,5219.57,5197.35,-0.04%
2024-04-05,5204.34,5158.95,5222.18,5157.21,1.11%
2024-04-04,5147.21,5244.05,5256.59,5146.06,-1.23%
2024-04-03,5211.49,5194.37,5228.75,5194.37,0.11%
2024-04-02,5205.81,5204.29,5208.34,5184.05,-0.72%
2024-04-01,5243.77,5257.97,5263.95,5229.2,-0.20%
2024-03-28,5254.35,5248.03,5264.85,5245.82,0.11%
2024-03-27,5248.49,5226.31,5249.26,5213.92,0.86%
2024-03-26,5203.58,5228.85,5235.16,5203.42,-0.28%
2024-03-25,5218.19,5219.52,5229.09,5216.09,-0.31%
2024-03-22,5234.18,5242.48,5246.09,5229.87,-0.14%
2024-03-21,5241.53,5253.43,5261.1,5240.66,0.32%
2024-03-20,5224.62,5181.69,5226.19,5171.55,0.89%
2024-03-19,5178.51,5139.09,5180.31,5131.59,0.56%
2024-03-18,5149.42,5154.77,5175.6,5145.47,0.63%
2024-03-15,5117.09,5123.31,5136.86,5104.35,-0.65%
2024-03-14,5150.48,5175.14,5176.85,5123.3,-0.29%
2024-03-13,5165.31,5173.49,5179.14,5151.88,-0.19%
2024-03-12,5175.27,5134.3,5179.87,5114.48,1.12%
2024-03-11,5117.94,5111.96,5124.66,5091.14,-0.11%
2024-03-08,5123.69,5164.46,5189.26,5117.5,-0.65%
2024-03-07,5157.36,5132.38,5165.62,5128.21,1.03%
2024-03-06,5104.76,5108.03,5127.97,5092.22,0.51%
2024-03-05,5078.65,5110.52,5114.54,5056.82,-1.02%
2024-03-04,5130.95,5130.99,5149.67,5127.18,-0.12%
2024-03-01,5137.08,5098.51,5140.33,5094.16,0.80%
2024-02-29,5096.27,5085.36,5104.99,5061.89,0.52%
2024-02-28,5069.76,5067.2,5077.37,5058.35,-0.17%
2024-02-27,5078.18,5074.6,5080.69,5057.29,0.17%
2024-02-26,5069.53,5093.0,5097.66,5068.91,-0.38%
2024-02-23,5088.8,5100.92,5111.06,5081.46,0.03%
2024-02-22,5087.03,5038.83,5094.39,5038.83,2.11%
2024-02-21,4981.8,4963.03,4983.21,4946.0,0.13%
2024-02-20,4975.51,4989.32,4993.71,4955.02,-0.60%
2024-02-16,5005.57,5031.13,5038.7,4999.52,-0.48%
2024-02-15,5029.73,5003.14,5032.72,4999.44,0.58%
2024-02-14,5000.62,4976.44,5002.52,4956.45,0.96%
2024-02-13,4953.17,4967.94,4971.3,4920.31,-1.37%
2024-02-12,5021.84,5026.83,5048.39,5016.83,-0.09%
2024-02-09,5026.61,5004.17,5030.06,5000.34,0.57%
2024-02-08,4997.91,4995.16,5000.4,4987.09,0.06%
2024-02-07,4995.06,4973.05,4999.89,4969.05,0.82%
2024-02-06,4954.23,4950.16,4957.77,4934.88,0.23%
2024-02-05,4942.81,4957.19,4957.19,4918.09,-0.32%
2024-02-02,4958.61,4916.06,4975.29,4907.99,1.07%
2024-02-01,4906.19,4861.11,4906.97,4853.52,1.25%
2024-01-31,4845.65,4899.19,4906.75,4845.15,-1.61%
2024-01-30,4924.97,4925.89,4931.09,4916.27,-0.06%
2024-01-29,4927.93,4892.95,4929.31,4887.4,0.76%
2024-01-26,4890.97,4888.91,4906.69,4881.47,-0.07%
2024-01-25,4894.16,4886.66,4898.15,4869.34,0.53%
2024-01-24,4868.55,4888.56,4903.68,4865.94,0.08%
2024-01-23,4864.6,4856.8,4866.48,4844.37,0.29%
2024-01-22,4850.43,4853.42,4868.41,4844.05,0.22%
2024-01-19,4839.81,4796.28,4842.07,4785.87,1.23%
2024-01-18,4780.94,4760.1,4785.79,4740.57,0.88%
2024-01-17,4739.21,4739.13,4744.23,4714.82,-0.56%
2024-01-16,4765.98,4772.35,4782.34,4747.12,-0.37%
2024-01-12,4783.83,4791.18,4802.4,4768.98,0.08%
2024-01-11,4780.24,4792.13,4798.5,4739.58,-0.07%
2024-01-10,4783.45,4759.94,4790.8,4756.2,0.57%
2024-01-09,4756.5,4741.93,4765.47,4730.35,-0.15%
2024-01-08,4763.54,4703.7,4764.54,4699.82,1.41%
2024-01-05,4697.24,4690.57,4721.49,4682.11,0.18%
2024-01-04,4688.68,4697.42,4726.78,4687.53,-0.34%
2024-01-03,4704.81,4725.07,4729.29,4699.71,-0.80%
2024-01-02,4742.83,4745.2,4754.33,4722.67,-0.57%
2023-12-29,4769.83,4782.88,4788.43,4751.99,-0.28%
2023-12-28,4783.35,4786.44,4793.3,4780.98,0.04%
2023-12-27,4781.58,4773.45,4785.39,4768.9,0.14%
2023-12-26,4774.75,4758.86,4784.72,4758.45,0.42%
2023-12-22,4754.63,4753.92,4772.94,4736.77,0.17%
2023-12-21,4746.75,4724.29,4748.71,4708.35,1.03%
2023-12-20,4698.35,4764.73,4778.01,4697.82,-1.47%
2023-12-19,4768.37,4743.72,4768.69,4743.72,0.59%
2023-12-18,4740.56,4725.58,4749.52,4725.58,0.45%
2023-12-15,4719.19,4714.23,4725.53,4704.69,-0.01%
2023-12-14,4719.55,4721.04,4738.57,4694.34,0.26%
2023-12-13,4707.09,4646.2,4709.69,4643.23,1.37%
2023-12-12,4643.7,4618.3,4643.93,4608.09,0.46%
2023-12-11,4622.44,4593.39,4623.71,4593.39,0.39%
2023-12-08,4604.37,4576.2,4609.23,4574.06,0.41%
2023-12-07,4585.59,4568.84,4590.92,4565.22,0.80%
2023-12-06,4549.34,4586.23,4590.74,4546.5,-0.39%
2023-12-05,4567.18,4557.25,4578.56,4551.68,-0.06%
2023-12-04,4569.78,4564.37,4572.37,4546.72,-0.54%
2023-12-01,4594.63,4559.43,4599.39,4554.71,0.59%
2023-11-30,4567.8,4554.87,4569.89,4537.24,0.38%
2023-11-29,4550.58,4571.84,4587.64,4547.15,-0.09%
2023-11-28,4554.89,4545.55,4568.14,4540.51,0.10%
2023-11-27,4550.43,4554.86,4560.52,4546.32,-0.20%
2023-11-24,4559.34,4555.84,4560.31,4552.8,0.06%
2023-11-22,4556.62,4553.04,4568.43,4545.05,0.41%
2023-11-21,4538.19,4538.77,4542.14,4525.51,-0.20%
2023-11-20,4547.38,4511.7,4557.11,4510.36,0.74%
2023-11-17,4514.02,4509.55,4520.12,4499.66,0.13%
2023-11-16,4508.24,4497.08,4511.99,4487.83,0.12%
2023-11-15,4502.88,4505.3,4521.17,4495.31,0.16%
2023-11-14,4495.7,4458.97,4508.67,4458.97,1.91%
2023-11-13,4411.55,4406.66,4421.76,4393.82,-0.08%
2023-11-10,4415.24,4364.15,4418.03,4353.34,1.56%
2023-11-09,4347.35,4391.41,4393.4,4343.94,-0.81%
2023-11-08,4382.78,4384.37,4391.2,4359.76,0.10%
2023-11-07,4378.38,4366.21,4386.26,4355.41,0.28%
2023-11-06,4365.98,4364.27,4372.21,4347.53,0.18%
2023-11-03,4358.34,4334.23,4373.62,4334.23,0.94%
2023-11-02,4317.78,4268.26,4319.72,4268.26,1.89%
2023-11-01,4237.86,4201.27,4245.64,4197.74,1.05%
2023-10-31,4193.8,4171.33,4195.55,4153.12,0.65%
2023-10-30,4166.82,4139.39,4177.47,4132.94,1.20%
2023-10-27,4117.37,4152.93,4156.7,4103.78,-0.48%
2023-10-26,4137.23,4175.99,4183.6,4127.9,-1.18%
2023-10-25,4186.77,4232.42,4232.42,4181.42,-1.43%
2023-10-24,4247.68,4235.79,4259.38,4219.43,0.73%
2023-10-23,4217.04,4210.4,4255.84,4189.22,-0.17%
2023-10-20,4224.16,4273.85,4276.56,4223.03,-1.26%
2023-10-19,4278.0,4321.36,4339.54,4269.69,-0.85%
2023-10-18,4314.6,4357.35,4364.2,4303.84,-1.34%
2023-10-17,4373.2,4345.23,4393.57,4337.54,-0.01%
2023-10-16,4373.63,4342.37,4383.33,4342.37,1.06%
2023-10-13,4327.78,4360.49,4377.1,4311.97,-0.50%
2023-10-12,4349.61,4380.94,4385.85,4325.43,-0.62%
2023-10-11,4376.95,4366.59,4378.64,4345.34,0.43%
2023-10-10,4358.24,4339.75,4385.46,4339.64,0.52%
2023-10-09,4335.66,4289.02,4341.73,4283.79,0.63%
2023-10-06,4308.5,4234.79,4324.1,4219.55,1.18%
2023-10-05,4258.19,4259.31,4267.13,4225.91,-0.13%
2023-10-04,4263.75,4233.83,4268.5,4220.48,0.81%
2023-10-03,4229.45,4269.75,4281.15,4216.45,-1.37%
2023-10-02,4288.39,4284.52,4300.58,4260.21,0.01%
2023-09-29,4288.05,4328.18,4333.15,4274.86,-0.27%
2023-09-28,4299.7,4269.65,4317.27,4264.38,0.59%
2023-09-27,4274.51,4282.63,4292.07,4238.63,0.02%
2023-09-26,4273.53,4312.88,4313.01,4265.98,-1.47%
2023-09-25,4337.44,4310.62,4338.51,4302.7,0.40%
2023-09-22,4320.06,4341.74,4357.4,4316.49,-0.23%
2023-09-21,4330.0,4374.36,4375.7,4329.17,-1.64%
2023-09-20,4402.2,4452.81,4461.03,4401.38,-0.94%
2023-09-19,4443.95,4445.41,4449.85,4416.61,-0.22%
2023-09-18,4453.53,4445.13,4466.36,4442.11,0.07%
2023-09-15,4450.32,4497.98,4497.98,4447.21,-1.22%
2023-09-14,4505.1,4487.78,4511.99,4478.69,0.84%
2023-09-13,4467.44,4462.65,4479.39,4453.52,0.12%
2023-09-12,4461.9,4473.27,4487.11,4456.83,-0.57%
2023-09-11,4487.46,4480.98,4490.77,4467.89,0.67%
2023-09-08,4457.49,4451.3,4473.53,4448.38,0.14%
2023-09-07,4451.14,4434.55,4457.81,4430.46,-0.32%
2023-09-06,4465.48,4490.35,4490.35,4442.38,-0.70%
2023-09-05,4496.83,4510.06,4514.29,4496.01,-0.42%
2023-09-01,4515.77,4530.6,4541.25,4501.35,0.18%
2023-08-31,4507.66,4517.01,4532.26,4507.39,-0.16%
2023-08-30,4514.87,4500.34,4521.65,4493.59,0.38%
2023-08-29,4497.63,4432.75,4500.14,4431.68,1.45%
2023-08-28,4433.31,4426.03,4439.56,4414.98,0.63%
2023-08-25,4405.71,4389.38,4418.46,4356.29,0.67%
2023-08-24,4376.31,4455.16,4458.3,4375.55,-1.35%
2023-08-23,4436.01,4396.44,4443.18,4396.44,1.10%
2023-08-22,4387.55,4415.33,4418.59,4382.77,-0.28%
2023-08-21,4399.77,4380.28,4407.55,4360.3,0.69%
2023-08-18,4369.71,4344.88,4381.82,4335.31,-0.01%
2023-08-17,4370.36,4416.32,4421.17,4364.83,-0.77%
2023-08-16,4404.33,4433.79,4449.95,4403.55,-0.76%
2023-08-15,4437.86,4478.87,4478.87,4432.19,-1.16%
2023-08-14,4489.72,4458.13,4490.33,4453.44,0.58%
2023-08-11,4464.05,4450.69,4476.23,4443.98,-0.11%
2023-08-10,4468.83,4487.16,4527.37,4457.92,0.03%
2023-08-09,4467.71,4501.57,4502.44,4461.33,-0.70%
2023-08-08,4499.38,4498.03,4503.31,4464.39,-0.42%
2023-08-07,4518.44,4491.58,4519.84,4491.15,0.90%
2023-08-04,4478.03,4513.96,4540.34,4474.55,-0.53%
2023-08-03,4501.89,4494.27,4519.49,4485.54,-0.25%
2023-08-02,4513.39,4550.93,4550.93,4505.75,-1.38%
2023-08-01,4576.73,4578.83,4584.62,4567.53,-0.27%
2023-07-31,4588.96,4584.82,4594.22,4573.14,0.15%
2023-07-28,4582.23,4565.75,4590.16,4564.01,0.99%
2023-07-27,4537.41,4598.26,4607.07,4528.56,-0.64%
2023-07-26,4566.75,4558.96,4582.47,4547.58,-0.02%
2023-07-25,4567.46,4555.19,4580.62,4552.42,0.28%
2023-07-24,4554.64,4543.39,4563.41,4541.29,0.40%
2023-07-21,4536.34,4550.16,4555.0,4535.79,0.03%
2023-07-20,4534.87,4554.38,4564.74,4527.56,-0.68%
2023-07-19,4565.72,4563.87,4578.43,4557.48,0.24%
2023-07-18,4554.98,4521.78,4562.3,4514.59,0.71%
2023-07-17,4522.79,4508.86,4532.85,4504.9,0.39%
2023-07-14,4505.42,4514.61,4527.76,4499.56,-0.10%
2023-07-13,4510.04,4491.5,4517.38,4489.36,0.85%
2023-07-12,4472.16,4467.69,4488.34,4463.23,0.74%
2023-07-11,4439.26,4415.55,4443.64,4408.46,0.67%
2023-07-10,4409.53,4394.23,4412.6,4389.92,0.24%
2023-07-07,4398.95,4404.54,4440.39,4397.4,-0.29%
2023-07-06,4411.59,4422.62,4422.62,4385.05,-0.79%
2023-07-05,4446.82,4442.04,4454.06,4436.61,-0.20%
2023-07-03,4455.59,4450.48,4456.46,4442.29,0.12%
2023-06-30,4450.38,4422.44,4458.48,4422.44,1.23%
2023-06-29,4396.44,4374.94,4398.39,4371.97,0.45%
2023-06-28,4376.86,4367.48,4390.35,4360.22,-0.04%
2023-06-27,4378.41,4337.36,4384.42,4335.0,1.15%
2023-06-26,4328.82,4344.84,4362.06,4328.08,-0.45%
2023-06-23,4348.33,4354.17,4366.55,4341.34,-0.77%
2023-06-22,4381.89,4355.4,4382.25,4351.82,0.37%
2023-06-21,4365.69,4380.01,4386.22,4360.14,-0.52%
2023-06-20,4388.71,4396.11,4400.15,4367.19,-0.47%
2023-06-16,4409.59,4440.95,4448.47,4407.44,-0.37%
2023-06-15,4425.84,4365.33,4439.2,4362.6,1.22%
2023-06-14,4372.59,4366.29,4391.82,4337.85,0.08%
2023-06-13,4369.01,4352.61,4375.37,4349.31,0.69%
2023-06-12,4338.93,4308.32,4340.13,4304.37,0.93%
2023-06-09,4298.86,4304.88,4322.62,4291.7,0.11%
2023-06-08,4293.93,4268.69,4298.01,4261.07,0.62%
2023-06-07,4267.52,4285.47,4299.19,4263.96,-0.38%
2023-06-06,4283.85,4271.34,4288.33,4263.09,0.24%
2023-06-05,4273.79,4282.99,4299.28,4266.82,-0.20%
2023-06-02,4282.37,4241.01,4290.67,4241.01,1.45%
2023-06-01,4221.02,4183.03,4232.43,4171.64,0.99%
2023-05-31,4179.83,4190.74,4195.44,4166.15,-0.61%
2023-05-30,4205.52,4226.71,4231.1,4192.18,0.00%
2023-05-26,4205.45,4156.16,4212.87,4156.16,1.30%
2023-05-25,4151.28,4155.71,4165.74,4129.73,0.88%
2023-05-24,4115.24,4132.96,4132.96,4103.98,-0.73%
2023-05-23,4145.58,4176.8,4185.68,4142.54,-1.12%
2023-05-22,4192.63,4190.78,4209.22,4179.68,0.02%
2023-05-19,4191.98,4204.15,4212.91,4180.2,-0.14%
2023-05-18,4198.05,4157.68,4202.2,4153.5,0.94%
2023-05-17,4158.77,4122.85,4164.67,4113.62,1.19%
2023-05-16,4109.9,4127.95,4135.54,4109.86,-0.64%
2023-05-15,4136.28,4126.65,4141.25,4110.27,0.30%
2023-05-12,4124.08,4138.54,4143.74,4099.12,-0.16%
2023-05-11,4130.62,4132.24,4132.8,4109.29,-0.17%
2023-05-10,4137.64,4143.74,4154.28,4098.92,0.45%
2023-05-09,4119.17,4124.25,4130.35,4116.65,-0.46%
2023-05-08,4138.12,4136.98,4142.3,4123.81,0.05%
2023-05-05,4136.25,4084.73,4147.02,4084.73,1.85%
2023-05-04,4061.22,4082.55,4082.61,4048.28,-0.72%
2023-05-03,4090.75,4122.25,4148.3,4088.86,-0.70%
2023-05-02,4119.58,4164.1,4164.1,4089.72,-1.16%
2023-05-01,4167.87,4166.79,4186.92,4164.12,-0.04%
2023-04-28,4169.48,4129.63,4170.06,4127.18,0.83%
2023-04-27,4135.35,4075.29,4138.24,4075.29,1.96%
2023-04-26,4055.99,4087.78,4089.67,4049.35,-0.38%
2023-04-25,4071.63,4126.43,4126.43,4071.38,-1.58%
2023-04-24,4137.04,4132.07,4142.41,4117.77,0.09%
2023-04-21,4133.52,4132.14,4138.02,4113.86,0.09%
2023-04-20,4129.79,4130.48,4148.57,4114.57,-0.60%
2023-04-19,4154.52,4139.33,4162.57,4134.49,-0.01%
2023-04-18,4154.87,4164.26,4169.48,4140.36,0.09%
2023-04-17,4151.32,4137.17,4151.72,4123.18,0.33%
2023-04-14,4137.64,4140.11,4163.19,4113.2,-0.21%
2023-04-13,4146.22,4100.04,4150.26,4099.4,1.33%
2023-04-12,4091.95,4121.72,4134.37,4086.94,-0.41%
2023-04-11,4108.94,4110.29,4124.26,4102.61,0.00%
2023-04-10,4109.11,4085.2,4109.5,4072.55,0.10%
2023-04-06,4105.02,4081.15,4107.32,4069.84,0.36%
2023-04-05,4090.38,4094.5,4099.69,4072.56,-0.25%
2023-04-04,4100.6,4128.03,4133.13,4086.87,-0.58%
2023-04-03,4124.51,4102.2,4127.66,4098.79,0.37%
2023-03-31,4109.31,4056.18,4110.75,4056.18,1.44%
2023-03-30,4050.83,4046.74,4057.85,4032.1,0.57%
2023-03-29,4027.81,3999.53,4030.59,3999.53,1.42%
2023-03-28,3971.27,3974.13,3979.2,3951.53,-0.16%
2023-03-27,3977.53,3982.93,4003.83,3970.49,0.16%
2023-03-24,3970.99,3939.21,3972.74,3909.16,0.56%
2023-03-23,3948.72,3959.21,4007.66,3919.05,0.30%
2023-03-22,3936.97,4002.04,4039.49,3936.17,-1.65%
2023-03-21,4002.87,3975.89,4009.08,3971.19,1.30%
2023-03-20,3951.57,3917.47,3956.62,3916.89,0.89%
2023-03-17,3916.64,3958.69,3958.91,3901.27,-1.10%
2023-03-16,3960.28,3878.93,3964.46,3864.11,1.76%
2023-03-15,3891.93,3876.74,3894.26,3838.24,-0.70%
2023-03-14,3919.29,3894.01,3937.29,3873.63,1.65%
2023-03-13,3855.76,3835.12,3905.05,3808.86,-0.15%
2023-03-10,3861.59,3912.77,3934.05,3846.32,-1.45%
2023-03-09,3918.32,3998.66,4017.81,3908.7,-1.85%
2023-03-08,3992.01,3987.55,4000.41,3969.76,0.14%
2023-03-07,3986.37,4048.26,4050.0,3980.31,-1.53%
2023-03-06,4048.42,4055.15,4078.49,4044.61,0.07%
2023-03-03,4045.64,3998.02,4048.29,3995.17,1.61%
2023-03-02,3981.35,3938.68,3990.84,3928.16,0.76%
2023-03-01,3951.39,3963.34,3971.73,3939.05,-0.47%
2023-02-28,3970.15,3977.19,3997.5,3968.98,-0.30%
2023-02-27,3982.24,3992.36,4018.05,3973.55,0.31%
2023-02-24,3970.04,3973.24,3978.25,3943.08,-1.05%
2023-02-23,4012.32,4018.6,4028.3,3969.19,0.53%
2023-02-22,3991.05,4001.83,4017.37,3976.9,-0.16%
2023-02-21,3997.34,4052.35,4052.35,3995.19,-2.00%
2023-02-17,4079.09,4077.39,4081.51,4047.95,-0.28%
2023-02-16,4090.41,4114.75,4136.54,4089.49,-1.38%
2023-02-15,4147.6,4119.5,4148.11,4103.98,0.28%
2023-02-14,4136.13,4126.7,4159.77,4095.01,-0.03%
2023-02-13,4137.29,4096.62,4138.9,4092.67,1.14%
2023-02-10,4090.46,4068.92,4094.36,4060.79,0.22%
2023-02-09,4081.5,4144.25,4156.23,4069.67,-0.88%
2023-02-08,4117.86,4153.47,4156.85,4111.67,-1.11%
2023-02-07,4164.0,4105.35,4176.54,4088.39,1.29%
2023-02-06,4111.08,4119.57,4124.63,4093.38,-0.61%
2023-02-03,4136.48,4136.69,4182.36,4123.36,-1.04%
2023-02-02,4179.76,4158.68,4195.44,4141.88,1.47%
2023-02-01,4119.21,4070.07,4148.95,4037.2,1.05%
2023-01-31,4076.6,4020.85,4077.16,4020.44,1.46%
2023-01-30,4017.77,4049.27,4063.85,4015.55,-1.30%
2023-01-27,4070.56,4053.72,4094.21,4048.7,0.25%
2023-01-26,4060.43,4036.08,4061.57,4013.29,1.10%
2023-01-25,4016.22,3982.71,4019.55,3949.06,-0.02%
2023-01-24,4016.95,4001.74,4023.92,3989.79,-0.07%
2023-01-23,4019.81,3978.14,4039.31,3971.64,1.19%
2023-01-20,3972.61,3909.04,3972.96,3897.86,1.89%
2023-01-19,3898.85,3911.84,3922.94,3885.54,-0.76%
2023-01-18,3928.86,4002.25,4014.16,3926.59,-1.56%
2023-01-17,3990.97,3999.28,4015.39,3984.57,-0.20%
2023-01-13,3999.09,3960.6,4003.95,3947.67,0.40%
2023-01-12,3983.17,3977.57,3997.76,3937.56,0.34%
2023-01-11,3969.61,3932.35,3970.07,3928.54,1.28%
2023-01-10,3919.25,3888.57,3919.83,3877.29,0.70%
2023-01-09,3892.09,3910.82,3950.57,3890.42,-0.08%
2023-01-06,3895.08,3823.37,3906.19,3809.56,2.28%
2023-01-05,3808.1,3839.74,3839.74,3802.42,-1.16%
2023-01-04,3852.97,3840.36,3873.16,3815.77,0.75%
2023-01-03,3824.14,3853.29,3878.46,3794.33,-0.40%
2022-12-30,3839.5,3829.06,3839.85,3800.34,-0.25%
2022-12-29,3849.28,3805.45,3858.19,3805.45,1.75%
2022-12-28,3783.22,3829.56,3848.32,3780.78,-1.20%
2022-12-27,3829.25,3843.34,3846.65,3813.22,-0.40%
2022-12-23,3844.82,3815.11,3845.8,3797.01,0.59%
2022-12-22,3822.39,3853.26,3853.26,3764.49,-1.45%
2022-12-21,3878.44,3839.49,3889.82,3839.49,1.49%
2022-12-20,3821.62,3810.47,3838.24,3795.62,0.10%
2022-12-19,3817.66,3853.79,3854.86,3800.04,-0.90%
2022-12-16,3852.36,3890.91,3890.91,3827.91,-1.11%
2022-12-15,3895.75,3958.37,3958.37,3879.45,-2.49%
2022-12-14,3995.32,4015.54,4053.76,3965.65,-0.61%
2022-12-13,4019.65,4069.38,4100.96,3993.03,0.73%
2022-12-12,3990.56,3939.29,3990.71,3935.3,1.43%
2022-12-09,3934.38,3954.17,3977.02,3933.04,-0.73%
2022-12-08,3963.51,3947.79,3974.19,3935.83,0.75%
2022-12-07,3933.92,3933.28,3957.57,3922.68,-0.19%
2022-12-06,3941.26,3996.63,4001.51,3918.39,-1.44%
2022-12-05,3998.84,4052.02,4052.45,3984.49,-1.79%
2022-12-02,4071.7,4040.17,4080.48,4026.63,-0.12%
2022-12-01,4076.57,4087.14,4100.51,4050.87,-0.09%
2022-11-30,4080.11,3957.18,4080.11,3938.58,3.09%
2022-11-29,3957.63,3964.19,3976.77,3937.65,-0.16%
2022-11-28,3963.94,4005.36,4012.27,3955.77,-1.54%
2022-11-25,4026.12,4023.34,4034.02,4020.76,-0.03%
2022-11-23,4027.26,4000.3,4033.78,3998.66,0.59%
2022-11-22,4003.58,3965.51,4005.88,3956.88,1.36%
2022-11-21,3949.94,3956.23,3962.0,3933.34,-0.39%
2022-11-18,3965.34,3966.39,3979.89,3935.98,0.48%
2022-11-17,3946.56,3919.26,3954.33,3906.54,-0.31%
2022-11-16,3958.79,3976.82,3983.09,3954.34,-0.83%
2022-11-15,3991.73,4006.41,4028.84,3953.17,0.87%
2022-11-14,3957.25,3977.97,4008.97,3956.4,-0.89%
2022-11-11,3992.93,3963.72,4001.48,3944.82,0.92%
2022-11-10,3956.37,3859.89,3958.33,3859.89,5.54%
2022-11-09,3748.57,3810.94,3818.2,3744.22,-2.08%
2022-11-08,3828.11,3817.02,3859.4,3786.28,0.56%
2022-11-07,3806.8,3780.71,3813.95,3764.7,0.96%
2022-11-04,3770.55,3766.98,3796.34,3708.84,1.36%
2022-11-03,3719.89,3733.25,3750.59,3698.15,-1.06%
2022-11-02,3759.69,3852.9,3894.44,3758.68,-2.50%
2022-11-01,3856.1,3901.79,3911.79,3843.8,-0.41%
2022-10-31,3871.98,3881.85,3893.73,3863.18,-0.75%
2022-10-28,3901.06,3808.26,3905.42,3808.26,2.46%
2022-10-27,3807.3,3834.69,3859.95,3803.79,-0.61%
2022-10-26,3830.6,3825.97,3886.15,3824.07,-0.74%
2022-10-25,3859.11,3799.44,3862.85,3799.44,1.63%
2022-10-24,3797.34,3762.01,3810.74,3741.65,1.19%
2022-10-21,3752.75,3657.1,3757.89,3647.42,2.37%
2022-10-20,3665.78,3689.05,3736.0,3656.44,-0.80%
2022-10-19,3695.16,3703.11,3728.58,3666.51,-0.67%
2022-10-18,3719.98,3746.26,3762.79,3686.53,1.14%
2022-10-17,3677.95,3638.65,3689.73,3638.65,2.65%
2022-10-14,3583.07,3690.41,3712.0,3579.68,-2.37%
2022-10-13,3669.91,3520.37,3685.41,3491.58,2.60%
2022-10-12,3577.03,3590.83,3608.34,3573.86,-0.33%
2022-10-11,3588.84,3595.86,3640.66,3568.45,-0.65%
2022-10-10,3612.39,3647.51,3652.17,3588.1,-0.75%
2022-10-07,3639.66,3706.74,3706.74,3620.73,-2.80%
2022-10-06,3744.52,3771.97,3797.93,3739.22,-1.02%
2022-10-05,3783.28,3753.25,3806.91,3722.66,-0.20%
2022-10-04,3790.93,3726.46,3791.92,3726.46,3.06%
2022-10-03,3678.43,3609.78,3698.35,3604.93,2.59%
2022-09-30,3585.62,3633.48,3671.44,3584.13,-1.51%
2022-09-29,3640.47,3687.01,3687.01,3610.4,-2.11%
2022-09-28,3719.04,3651.94,3736.74,3640.61,1.97%
2022-09-27,3647.29,3686.44,3717.53,3623.29,-0.21%
2022-09-26,3655.04,3682.72,3715.67,3644.76,-1.03%
2022-09-23,3693.23,3727.14,3727.14,3647.47,-1.72%
2022-09-22,3757.99,3782.36,3790.9,3749.45,-0.84%
2022-09-21,3789.93,3871.4,3907.07,3789.49,-1.71%
2022-09-20,3855.93,3875.23,3876.01,3827.54,-1.13%
2022-09-19,3899.89,3849.91,3900.45,3838.5,0.69%
2022-09-16,3873.33,3880.95,3880.95,3837.08,-0.72%
2022-09-15,3901.35,3932.41,3959.14,3888.28,-1.13%
2022-09-14,3946.01,3940.73,3961.94,3912.18,0.34%
2022-09-13,3932.69,4037.12,4037.12,3921.28,-4.32%
2022-09-12,4110.41,4083.67,4119.28,4083.67,1.06%
2022-09-09,4067.36,4022.94,4076.81,4022.94,1.53%
2022-09-08,4006.18,3959.94,4010.5,3944.81,0.66%
2022-09-07,3979.87,3909.43,3987.89,3906.03,1.83%
2022-09-06,3908.19,3930.89,3942.55,3886.75,-0.41%
2022-09-02,3924.26,3994.66,4018.43,3906.21,-1.07%
2022-09-01,3966.85,3936.73,3970.23,3903.65,0.30%
2022-08-31,3955.0,4000.67,4015.37,3954.53,-0.78%
2022-08-30,3986.16,4041.25,4044.98,3965.21,-1.10%
2022-08-29,4030.61,4034.58,4062.99,4017.42,-0.67%
2022-08-26,4057.66,4198.74,4203.04,4057.66,-3.37%
2022-08-25,4199.12,4153.26,4200.54,4147.59,1.41%
2022-08-24,4140.77,4126.55,4156.56,4119.97,0.29%
2022-08-23,4128.73,4133.09,4159.77,4124.03,-0.22%
2022-08-22,4137.99,4195.08,4195.08,4129.86,-2.14%
2022-08-19,4228.48,4266.31,4266.31,4218.7,-1.29%
2022-08-18,4283.74,4273.13,4292.53,4261.98,0.23%
2022-08-17,4274.04,4280.4,4302.18,4253.08,-0.72%
2022-08-16,4305.2,4290.46,4325.28,4277.77,0.19%
2022-08-15,4297.14,4269.37,4301.79,4256.9,0.40%
2022-08-12,4280.15,4225.02,4280.47,4219.78,1.73%
2022-08-11,4207.27,4227.4,4257.91,4201.41,-0.07%
2022-08-10,4210.24,4181.02,4211.03,4177.26,2.13%
2022-08-09,4122.47,4133.11,4137.3,4112.09,-0.42%
2022-08-08,4140.06,4155.93,4186.62,4128.97,-0.12%
2022-08-05,4145.19,4115.87,4151.58,4107.31,-0.16%
2022-08-04,4151.94,4154.85,4161.29,4135.42,-0.08%
2022-08-03,4155.17,4107.96,4167.66,4107.96,1.56%
2022-08-02,4091.19,4104.21,4140.47,4079.81,-0.67%
2022-08-01,4118.63,4112.38,4144.95,4096.02,-0.28%
2022-07-29,4130.29,4087.33,4140.15,4079.22,1.42%
2022-07-28,4072.43,4026.13,4078.95,3992.97,1.21%
2022-07-27,4023.61,3951.43,4039.56,3951.43,2.62%
2022-07-26,3921.05,3953.22,3953.22,3910.74,-1.15%
2022-07-25,3966.84,3965.72,3975.3,3943.46,0.13%
2022-07-22,3961.63,3998.43,4012.44,3938.86,-0.93%
2022-07-21,3998.95,3955.47,3999.29,3927.64,0.99%
2022-07-20,3959.9,3935.32,3974.13,3922.03,0.59%
2022-07-19,3936.69,3860.73,3939.81,3860.73,2.76%
2022-07-18,3830.85,3883.79,3902.44,3818.63,-0.84%
2022-07-15,3863.16,3818.0,3863.62,3817.18,1.92%
2022-07-14,3790.38,3763.99,3796.41,3721.56,-0.30%
2022-07-13,3801.78,3779.67,3829.44,3759.07,-0.45%
2022-07-12,3818.8,3851.95,3873.41,3802.36,-0.92%
2022-07-11,3854.43,3880.94,3880.94,3847.22,-1.15%
2022-07-08,3899.38,3888.26,3918.5,3869.34,-0.08%
2022-07-07,3902.62,3858.85,3910.63,3858.85,1.50%
2022-07-06,3845.08,3831.98,3870.91,3809.37,0.36%
2022-07-05,3831.39,3792.61,3832.19,3742.06,0.16%
2022-07-01,3825.33,3781.0,3829.82,3752.1,1.06%
2022-06-30,3785.38,3785.99,3818.99,3738.67,-0.88%
2022-06-29,3818.83,3825.09,3836.5,3799.02,-0.07%
2022-06-28,3821.55,3913.0,3945.86,3820.14,-2.01%
2022-06-27,3900.11,3920.76,3927.72,3889.66,-0.30%
2022-06-24,3911.74,3821.75,3913.65,3821.75,3.06%
2022-06-23,3795.73,3774.71,3802.58,3743.52,0.95%
2022-06-22,3759.89,3733.89,3801.79,3717.69,-0.13%
2022-06-21,3764.79,3715.31,3779.65,3715.31,2.45%
2022-06-17,3674.84,3665.9,3707.71,3636.87,0.22%
2022-06-16,3666.77,3728.18,3728.18,3639.77,-3.25%
2022-06-15,3789.99,3764.05,3837.56,3722.3,1.46%
2022-06-14,3735.48,3763.52,3778.18,3705.68,-0.38%
2022-06-13,3749.63,3838.15,3838.15,3734.3,-3.88%
2022-06-10,3900.86,3974.39,3974.39,3900.16,-2.91%
2022-06-09,4017.82,4101.65,4119.1,4017.17,-2.38%
2022-06-08,4115.77,4147.12,4160.14,4107.2,-1.08%
2022-06-07,4160.68,4096.47,4164.86,4080.19,0.95%
2022-06-06,4121.43,4134.72,4168.78,4109.18,0.31%
2022-06-03,4108.54,4137.57,4142.67,4098.67,-1.63%
2022-06-02,4176.82,4095.41,4177.51,4074.37,1.84%
2022-06-01,4101.23,4149.78,4166.54,4073.85,-0.75%
2022-05-31,4132.15,4151.09,4168.34,4104.88,-0.63%
2022-05-27,4158.24,4077.43,4158.49,4077.43,2.47%
2022-05-26,4057.84,3984.6,4075.14,3984.6,1.99%
2022-05-25,3978.73,3929.59,3999.33,3925.03,0.95%
2022-05-24,3941.48,3942.94,3955.68,3875.13,-0.81%
2022-05-23,3973.75,3919.42,3981.88,3909.04,1.86%
2022-05-20,3901.36,3927.76,3943.42,3810.32,0.01%
2022-05-19,3900.79,3899.0,3945.96,3876.58,-0.58%
2022-05-18,3923.68,4051.98,4051.98,3911.91,-4.04%
2022-05-17,4088.85,4052.0,4090.72,4033.93,2.02%
2022-05-16,4008.01,4013.02,4046.46,3983.99,-0.39%
2022-05-13,4023.89,3963.9,4038.88,3963.9,2.39%
2022-05-12,3930.08,3903.95,3964.8,3858.87,-0.13%
2022-05-11,3935.18,3990.08,4049.09,3928.82,-1.65%
2022-05-10,4001.05,4035.18,4068.82,3958.17,0.25%
2022-05-09,3991.24,4081.27,4081.27,3975.48,-3.20%
2022-05-06,4123.34,4128.17,4157.69,4067.91,-0.57%
2022-05-05,4146.87,4270.43,4270.43,4106.01,-3.56%
2022-05-04,4300.17,4181.18,4307.66,4148.91,2.99%
2022-05-03,4175.48,4159.78,4200.1,4147.08,0.48%
2022-05-02,4155.38,4130.61,4169.81,4062.51,0.57%
2022-04-29,4131.93,4253.75,4269.68,4124.28,-3.63%
2022-04-28,4287.5,4222.58,4308.45,4188.63,2.47%
2022-04-27,4183.96,4186.52,4240.71,4162.9,0.21%
2022-04-26,4175.2,4278.14,4278.14,4175.04,-2.81%
2022-04-25,4296.12,4255.34,4299.02,4200.82,0.57%
2022-04-22,4271.78,4385.83,4385.83,4267.62,-2.77%
2022-04-21,4393.66,4489.17,4512.94,4384.47,-1.48%
2022-04-20,4459.45,4472.26,4488.29,4448.76,-0.06%
2022-04-19,4462.21,4390.63,4471.03,4390.63,1.61%
2022-04-18,4391.69,4385.63,4410.31,4370.3,-0.02%
2022-04-14,4392.59,4449.12,4460.46,4390.77,-1.21%
2022-04-13,4446.59,4394.3,4453.92,4392.7,1.12%
2022-04-12,4397.45,4437.59,4471.0,4381.34,-0.34%
2022-04-11,4412.53,4462.64,4464.35,4408.38,-1.69%
2022-04-08,4488.28,4494.15,4520.41,4474.6,-0.27%
2022-04-07,4500.21,4474.65,4521.16,4450.3,0.43%
2022-04-06,4481.15,4494.17,4503.94,4450.04,-0.97%
2022-04-05,4525.12,4572.45,4593.45,4514.17,-1.26%
2022-04-04,4582.64,4547.97,4583.5,4539.21,0.81%
2022-04-01,4545.86,4540.32,4548.7,4507.57,0.34%
2022-03-31,4530.41,4599.02,4603.07,4530.41,-1.57%
2022-03-30,4602.45,4624.2,4627.77,4581.32,-0.63%
2022-03-29,4631.6,4602.86,4637.3,4589.66,1.23%
2022-03-28,4575.52,4541.09,4575.65,4517.69,0.71%
2022-03-25,4543.06,4522.91,4546.03,4501.07,0.51%
2022-03-24,4520.16,4469.98,4520.58,4465.17,1.43%
2022-03-23,4456.24,4493.1,4501.07,4455.81,-1.23%
2022-03-22,4511.61,4469.1,4522.0,4469.1,1.13%
2022-03-21,4461.18,4462.4,4481.75,4424.3,-0.04%
2022-03-18,4463.12,4407.34,4465.4,4390.57,1.17%
2022-03-17,4411.67,4345.11,4412.67,4335.65,1.23%
2022-03-16,4357.86,4288.14,4358.9,4251.99,2.24%
2022-03-15,4262.45,4188.82,4271.05,4187.9,2.14%
2022-03-14,4173.11,4202.75,4247.57,4161.72,-0.74%
2022-03-11,4204.31,4279.5,4291.01,4200.49,-1.30%
2022-03-10,4259.52,4252.55,4268.28,4209.8,-0.43%
2022-03-09,4277.88,4223.1,4299.4,4223.1,2.57%
2022-03-08,4170.7,4202.66,4276.94,4157.87,-0.72%
2022-03-07,4201.09,4327.01,4327.01,4199.85,-2.95%
2022-03-04,4328.87,4342.12,4342.12,4284.98,-0.79%
2022-03-03,4363.49,4401.31,4416.78,4345.56,-0.53%
2022-03-02,4386.54,4322.56,4401.48,4322.56,1.86%
2022-03-01,4306.26,4363.14,4378.45,4279.54,-1.55%
2022-02-28,4373.94,4354.17,4388.84,4315.12,-0.24%
2022-02-25,4384.65,4298.38,4385.34,4286.83,2.24%
2022-02-24,4288.7,4155.77,4294.73,4114.65,1.50%
2022-02-23,4225.5,4324.93,4341.51,4221.51,-1.84%
2022-02-22,4304.76,4332.74,4362.12,4267.11,-1.01%
2022-02-18,4348.87,4384.57,4394.6,4327.22,-0.72%
2022-02-17,4380.26,4456.06,4456.06,4373.81,-2.12%
2022-02-16,4475.01,4455.75,4489.55,4429.68,0.09%
2022-02-15,4471.07,4429.28,4472.77,4429.28,1.58%
2022-02-14,4401.67,4412.61,4426.22,4364.84,-0.38%
2022-02-11,4418.64,4506.27,4526.33,4401.41,-1.90%
2022-02-10,4504.1,4553.2,4588.9,4484.3,-1.81%
2022-02-09,4587.2,4547.0,4590.0,4547.0,1.45%
2022-02-08,4521.5,4480.0,4531.3,4465.4,0.84%
2022-02-07,4483.9,4505.8,4521.9,4471.5,-0.37%
2022-02-04,4500.5,4482.8,4539.7,4451.5,0.52%
2022-02-03,4477.4,4535.4,4542.9,4470.4,-2.44%
2022-02-02,4589.4,4566.4,4595.3,4544.3,0.94%
2022-02-01,4546.5,4519.6,4550.5,4483.5,0.68%
2022-01-31,4515.6,4431.8,4516.9,4414.0,1.89%
2022-01-28,4431.9,4336.2,4432.7,4292.5,2.44%
2022-01-27,4326.5,4380.6,4428.7,4309.5,-0.54%
2022-01-26,4349.9,4408.4,4453.2,4304.8,-0.15%
2022-01-25,4356.4,4366.6,4411.0,4287.1,-1.22%
2022-01-24,4410.1,4356.3,4417.4,4222.6,0.28%
2022-01-21,4397.9,4471.4,4494.5,4395.3,-1.89%
2022-01-20,4482.7,4547.4,4602.1,4477.9,-1.11%
2022-01-19,4532.8,4588.0,4611.6,4530.2,-0.97%
2022-01-18,4577.1,4632.2,4632.2,4568.7,-1.84%
2022-01-14,4662.9,4638.0,4665.1,4614.8,0.08%
2022-01-13,4659.0,4733.6,4744.1,4650.3,-1.43%
2022-01-12,4726.4,4728.6,4748.8,4706.7,0.28%
2022-01-11,4713.1,4669.1,4714.1,4638.3,0.92%
2022-01-10,4670.3,4655.3,4673.0,4582.2,-0.14%
2022-01-07,4677.0,4697.7,4707.9,4662.7,-0.41%
2022-01-06,4696.1,4693.4,4725.0,4671.3,-0.10%
2022-01-05,4700.6,4788.0,4797.7,4699.4,-1.94%
2022-01-04,4793.5,4804.5,4818.6,4774.3,-0.06%
2022-01-03,4796.6,4778.1,4796.6,4758.2,0.64%
2021-12-31,4766.2,4775.2,4786.8,4765.8,-0.26%
2021-12-30,4778.7,4794.2,4808.9,4775.3,-0.30%
2021-12-29,4793.1,4788.6,4804.1,4778.1,0.14%
2021-12-28,4786.4,4795.5,4807.0,4780.0,-0.10%
2021-12-27,4791.2,4734.0,4791.5,4734.0,1.38%
2021-12-23,4725.8,4704.0,4740.7,4704.0,0.62%
2021-12-22,4696.6,4650.4,4697.7,4645.5,1.02%
2021-12-21,4649.2,4595.0,4651.1,4583.2,1.78%
2021-12-20,4568.0,4587.9,4587.9,4531.1,-1.14%
2021-12-17,4620.6,4652.5,4666.7,4600.2,-1.03%
2021-12-16,4668.7,4719.1,4732.0,4651.9,-0.87%
2021-12-15,4709.9,4636.5,4712.6,4611.2,1.64%
2021-12-14,4634.1,4643.0,4660.5,4606.5,-0.75%
2021-12-13,4669.0,4710.3,4710.3,4667.6,-0.91%
2021-12-10,4712.0,4687.6,4713.6,4670.2,0.96%
2021-12-09,4667.4,4691.0,4695.3,4666.0,-0.72%
2021-12-08,4701.2,4690.9,4705.1,4674.5,0.31%
2021-12-07,4686.8,4632.0,4694.0,4632.0,2.07%
2021-12-06,4591.7,4548.4,4612.6,4540.5,1.17%
2021-12-03,4538.4,4589.5,4608.0,4495.1,-0.85%
2021-12-02,4577.1,4504.7,4595.5,4504.7,1.42%
2021-12-01,4513.0,4602.8,4652.9,4510.3,-1.18%
2021-11-30,4567.0,4640.2,4646.0,4560.0,-1.90%
2021-11-29,4655.3,4628.8,4672.9,4625.3,1.32%
2021-11-26,4594.6,4664.6,4664.6,4585.4,-2.27%
2021-11-24,4701.5,4675.8,4702.9,4659.9,0.23%
2021-11-23,4690.7,4678.5,4699.4,4652.7,0.17%
2021-11-22,4682.9,4712.0,4743.8,4682.2,-0.32%
2021-11-19,4698.0,4708.4,4717.8,4694.2,-0.14%
2021-11-18,4704.5,4700.7,4708.8,4672.8,0.34%
2021-11-17,4688.7,4701.5,4701.5,4684.4,-0.26%
2021-11-16,4700.9,4679.4,4714.9,4679.4,0.39%
2021-11-15,4682.8,4689.3,4697.4,4672.9,0.00%
2021-11-12,4682.9,4655.2,4688.5,4650.8,0.72%
2021-11-11,4649.3,4659.4,4664.6,4648.3,0.06%
2021-11-10,4646.7,4670.3,4684.9,4630.9,-0.82%
2021-11-09,4685.2,4707.2,4708.5,4670.9,-0.35%
2021-11-08,4701.7,4701.5,4714.9,4694.4,0.09%
2021-11-05,4697.5,4699.3,4718.5,4681.3,0.37%
2021-11-04,4680.1,4662.9,4683.0,4662.6,0.42%
2021-11-03,4660.6,4630.6,4663.5,4621.2,0.65%
2021-11-02,4630.6,4613.3,4635.1,4613.3,0.37%
2021-11-01,4613.7,4610.6,4620.3,4595.1,0.18%
2021-10-29,4605.4,4572.9,4608.1,4567.6,0.20%
2021-10-28,4596.4,4562.8,4597.6,4562.8,0.98%
2021-10-27,4551.7,4580.2,4584.6,4551.7,-0.50%
2021-10-26,4574.8,4578.7,4598.5,4569.2,0.18%
2021-10-25,4566.5,4553.7,4572.6,4537.4,0.48%
2021-10-22,4544.9,4546.1,4559.7,4524.0,-0.11%
2021-10-21,4549.8,4532.2,4551.4,4526.9,0.30%
2021-10-20,4536.2,4524.4,4540.9,4524.4,0.37%
2021-10-19,4519.6,4497.3,4520.4,4496.4,0.74%
2021-10-18,4486.5,4463.7,4488.8,4447.5,0.34%
2021-10-15,4471.4,4447.7,4475.8,4447.7,0.75%
2021-10-14,4438.3,4386.8,4439.7,4386.8,1.71%
2021-10-13,4363.8,4358.0,4372.9,4329.9,0.30%
2021-10-12,4350.6,4368.3,4374.9,4342.1,-0.24%
2021-10-11,4361.2,4385.4,4415.9,4360.6,-0.69%
2021-10-08,4391.3,4406.5,4412.0,4386.2,-0.19%
2021-10-07,4399.8,4383.7,4430.0,4383.7,0.83%
2021-10-06,4363.6,4319.6,4365.6,4290.5,0.41%
2021-10-05,4345.7,4309.9,4369.2,4309.9,1.05%
2021-10-04,4300.5,4348.8,4355.5,4278.9,-1.30%
2021-10-01,4357.0,4317.2,4375.2,4288.5,1.15%
2021-09-30,4307.5,4370.7,4382.6,4306.2,-1.19%
2021-09-29,4359.5,4362.4,4385.6,4355.1,0.16%
2021-09-28,4352.6,4419.5,4419.5,4346.3,-2.04%
2021-09-27,4443.1,4442.1,4457.3,4436.2,-0.28%
2021-09-24,4455.5,4438.0,4463.1,4430.3,0.15%
2021-09-23,4449.0,4406.8,4465.4,4406.8,1.21%
2021-09-22,4395.6,4367.4,4416.8,4367.4,0.95%
2021-09-21,4354.2,4374.4,4394.9,4348.0,-0.08%
2021-09-20,4357.7,4402.9,4402.9,4305.9,-1.70%
2021-09-17,4433.0,4469.7,4471.5,4427.8,-0.91%
2021-09-16,4473.8,4477.1,4485.9,4443.8,-0.15%
2021-09-15,4480.7,4447.5,4486.9,4438.4,0.85%
2021-09-14,4443.1,4479.3,4485.7,4435.5,-0.57%
2021-09-13,4468.7,4474.8,4493.0,4445.7,0.23%
2021-09-10,4458.6,4506.9,4520.5,4457.7,-0.77%
2021-09-09,4493.3,4513.0,4529.9,4492.1,-0.46%
2021-09-08,4514.1,4518.1,4521.8,4493.9,-0.13%
2021-09-07,4520.0,4535.4,4535.4,4513.0,-0.34%
2021-09-03,4535.4,4532.4,4541.4,4521.3,-0.03%
2021-09-02,4536.9,4534.5,4545.9,4524.7,0.28%
2021-09-01,4524.1,4528.8,4537.1,4522.0,0.03%
2021-08-31,4522.7,4529.8,4531.4,4515.8,-0.13%
2021-08-30,4528.8,4513.8,4537.4,4513.8,0.43%
2021-08-27,4509.4,4474.1,4513.3,4474.1,0.88%
2021-08-26,4470.0,4493.8,4495.9,4469.0,-0.58%
2021-08-25,4496.2,4490.4,4501.7,4485.7,0.22%
2021-08-24,4486.2,4484.4,4492.8,4482.3,0.15%
2021-08-23,4479.5,4450.3,4489.9,4450.3,0.85%
2021-08-20,4441.7,4410.6,4444.4,4406.8,0.81%
2021-08-19,4405.8,4382.4,4418.6,4367.7,0.12%
2021-08-18,4400.3,4440.9,4454.3,4397.6,-1.07%
2021-08-17,4448.1,4462.1,4462.1,4417.8,-0.71%
2021-08-16,4479.7,4461.6,4480.3,4437.7,0.26%
2021-08-13,4468.0,4464.8,4468.4,4460.8,0.16%
2021-08-12,4460.8,4446.1,4461.8,4436.0,0.29%
2021-08-11,4447.7,4442.2,4449.4,4436.4,0.25%
2021-08-10,4436.8,4435.8,4445.2,4430.0,0.10%
2021-08-09,4432.4,4437.8,4439.4,4424.7,-0.09%
2021-08-06,4436.5,4429.1,4440.8,4429.1,0.17%
2021-08-05,4429.1,4408.9,4429.8,4408.9,0.60%
2021-08-04,4402.7,4415.9,4416.2,4400.2,-0.46%
2021-08-03,4423.1,4392.7,4423.8,4373.0,0.82%
2021-08-02,4387.2,4406.9,4422.2,4384.8,-0.18%
2021-07-30,4395.3,4395.1,4412.2,4389.6,-0.54%
2021-07-29,4419.1,4403.6,4430.0,4403.6,0.42%
2021-07-28,4400.6,4402.9,4415.5,4387.0,-0.02%
2021-07-27,4401.5,4416.4,4416.4,4372.5,-0.47%
2021-07-26,4422.3,4409.6,4422.7,4405.4,0.24%
2021-07-23,4411.8,4381.2,4415.2,4381.2,1.01%
2021-07-22,4367.5,4361.3,4369.9,4350.1,0.20%
2021-07-21,4358.7,4331.1,4359.7,4331.1,0.82%
2021-07-20,4323.1,4265.1,4336.8,4262.1,1.52%
2021-07-19,4258.5,4296.4,4296.4,4233.1,-1.59%
2021-07-16,4327.2,4367.4,4375.1,4322.5,-0.75%
2021-07-15,4360.0,4369.0,4369.0,4340.7,-0.33%
2021-07-14,4374.3,4380.1,4393.7,4362.4,0.12%
2021-07-13,4369.2,4381.1,4392.4,4366.9,-0.35%
2021-07-12,4384.6,4372.4,4386.7,4364.0,0.34%
2021-07-09,4369.6,4329.4,4371.6,4329.4,1.13%
2021-07-08,4320.8,4321.1,4330.9,4289.4,-0.86%
2021-07-07,4358.1,4351.0,4361.9,4329.8,0.34%
2021-07-06,4343.5,4356.5,4356.5,4314.4,-0.20%
2021-07-02,4352.3,4326.6,4355.4,4326.6,0.75%
2021-07-01,4319.9,4300.7,4320.7,4300.7,0.52%
2021-06-30,4297.5,4290.6,4302.4,4288.0,0.13%
2021-06-29,4291.8,4293.2,4300.5,4287.0,0.03%
2021-06-28,4290.6,4284.9,4292.1,4274.7,0.23%
2021-06-25,4280.7,4274.4,4286.1,4271.2,0.33%
2021-06-24,4266.5,4257.0,4271.3,4257.0,0.58%
2021-06-23,4241.8,4249.3,4256.6,4241.4,-0.11%
2021-06-22,4246.4,4224.6,4255.8,4217.3,0.51%
2021-06-21,4224.8,4173.4,4226.2,4173.4,1.40%
2021-06-18,4166.4,4204.8,4204.8,4164.4,-1.31%
2021-06-17,4221.9,4220.4,4232.3,4196.1,-0.04%
2021-06-16,4223.7,4248.9,4251.9,4202.4,-0.54%
2021-06-15,4246.6,4255.3,4257.2,4238.4,-0.20%
2021-06-14,4255.1,4248.3,4255.6,4234.1,0.18%
2021-06-11,4247.4,4242.9,4248.4,4232.2,0.19%
2021-06-10,4239.2,4228.6,4249.7,4220.3,0.46%
2021-06-09,4219.6,4233.0,4237.1,4218.7,-0.18%
2021-06-08,4227.3,4233.8,4236.7,4208.4,0.02%
2021-06-07,4226.5,4229.3,4232.3,4215.7,-0.08%
2021-06-04,4229.9,4206.1,4233.4,4206.1,0.88%
2021-06-03,4192.9,4191.4,4204.4,4167.9,-0.36%
2021-06-02,4208.1,4206.8,4217.4,4198.3,0.15%
2021-06-01,4202.0,4216.5,4234.1,4197.6,-0.05%
2021-05-28,4204.1,4210.8,4218.4,4203.6,0.08%
2021-05-27,4200.9,4201.9,4213.4,4197.8,0.12%
2021-05-26,4196.0,4191.6,4202.6,4184.1,0.19%
2021-05-25,4188.1,4205.9,4213.4,4182.5,-0.21%
2021-05-24,4197.1,4170.2,4209.5,4170.2,0.99%
2021-05-21,4155.9,4168.6,4188.7,4151.7,-0.08%
2021-05-20,4159.1,4122.0,4172.8,4122.0,1.05%
2021-05-19,4115.7,4098.4,4116.9,4061.4,-0.29%
2021-05-18,4127.8,4165.9,4169.1,4126.0,-0.85%
2021-05-17,4163.3,4169.9,4171.9,4142.7,-0.25%
2021-05-14,4173.9,4129.6,4183.1,4129.6,1.49%
2021-05-13,4112.5,4075.0,4131.6,4075.0,1.22%
2021-05-12,4063.0,4130.6,4134.7,4056.9,-2.15%
2021-05-11,4152.1,4150.3,4162.0,4111.5,-0.87%
2021-05-10,4188.4,4228.3,4236.4,4188.1,-1.04%
2021-05-07,4232.6,4210.3,4238.0,4201.6,0.74%
2021-05-06,4201.6,4169.1,4202.7,4147.3,0.82%
2021-05-05,4167.6,4177.1,4187.7,4160.9,0.07%
2021-05-04,4164.7,4179.0,4179.0,4128.6,-0.67%
2021-05-03,4192.7,4192.0,4209.4,4188.0,0.28%
2021-04-30,4181.2,4198.1,4198.1,4174.9,-0.72%
2021-04-29,4211.5,4206.1,4218.8,4176.8,0.68%
2021-04-28,4183.2,4185.1,4201.5,4181.8,-0.08%
2021-04-27,4186.7,4188.2,4193.4,4176.2,-0.02%
2021-04-26,4187.6,4185.0,4194.2,4182.4,0.18%
2021-04-23,4180.2,4138.8,4194.2,4138.8,1.09%
2021-04-22,4135.0,4170.5,4179.6,4123.7,-0.92%
2021-04-21,4173.4,4128.4,4175.0,4126.4,0.93%
2021-04-20,4134.9,4159.2,4159.2,4118.4,-0.68%
2021-04-19,4163.3,4179.8,4180.8,4150.5,-0.53%
2021-04-16,4185.5,4174.1,4191.3,4170.8,0.36%
2021-04-15,4170.4,4139.8,4173.5,4139.8,1.11%
2021-04-14,4124.7,4141.6,4151.7,4120.9,-0.41%
2021-04-13,4141.6,4130.1,4148.0,4124.4,0.33%
2021-04-12,4128.0,4124.7,4131.8,4114.8,-0.02%
2021-04-09,4128.8,4096.1,4129.5,4095.5,0.77%
2021-04-08,4097.2,4089.9,4098.2,4082.5,0.42%
2021-04-07,4079.9,4074.3,4083.1,4068.3,0.15%
2021-04-06,4073.9,4075.6,4086.2,4068.1,-0.10%
2021-04-05,4077.9,4034.4,4083.4,4034.4,1.44%
2021-04-01,4019.9,3992.8,4020.6,3992.8,1.18%
2021-03-31,3972.9,3967.2,3994.4,3967.0,0.36%
2021-03-30,3958.6,3963.3,3968.0,3944.3,-0.31%
2021-03-29,3971.1,3969.3,3981.8,3943.2,-0.09%
2021-03-26,3974.5,3917.1,3978.2,3917.1,1.66%
2021-03-25,3909.5,3879.3,3919.5,3853.5,0.52%
2021-03-24,3889.1,3919.9,3942.1,3889.1,-0.55%
2021-03-23,3910.5,3937.6,3949.1,3901.6,-0.76%
2021-03-22,3940.6,3916.5,3955.3,3914.2,0.70%
2021-03-19,3913.1,3913.1,3930.1,3886.8,-0.06%
2021-03-18,3915.5,3953.5,3969.6,3910.9,-1.47%
2021-03-17,3974.1,3949.6,3983.9,3935.7,0.29%
2021-03-16,3962.7,3973.6,3981.0,3953.4,-0.16%
2021-03-15,3968.9,3943.0,3970.1,3923.5,0.65%
2021-03-12,3943.3,3924.5,3945.0,3915.2,0.10%
2021-03-11,3939.3,3915.5,3960.3,3915.5,1.04%
2021-03-10,3898.8,3892.0,3917.3,3885.7,0.60%
2021-03-09,3875.4,3851.9,3903.8,3851.9,1.42%
2021-03-08,3821.3,3844.4,3881.1,3819.2,-0.54%
2021-03-05,3841.9,3793.6,3851.7,3730.2,1.95%
2021-03-04,3768.5,3818.5,3843.7,3723.3,-1.34%
2021-03-03,3819.7,3864.0,3874.5,3818.9,-1.31%
2021-03-02,3870.3,3903.6,3906.4,3868.6,-0.81%
2021-03-01,3901.8,3842.5,3914.5,3842.5,2.38%
2021-02-26,3811.2,3839.7,3861.1,3789.5,-0.47%
2021-02-25,3829.3,3915.8,3925.0,3814.0,-2.45%
2021-02-24,3925.4,3873.7,3928.7,3859.6,1.13%
2021-02-23,3881.4,3857.1,3896.0,3805.6,0.13%
2021-02-22,3876.5,3885.6,3902.9,3874.7,-0.77%
2021-02-19,3906.7,3921.2,3930.4,3903.1,-0.19%
2021-02-18,3914.0,3915.9,3922.0,3885.0,-0.44%
2021-02-17,3931.3,3918.5,3933.6,3900.4,-0.03%
2021-02-16,3932.6,3939.6,3950.4,3923.8,-0.06%
2021-02-12,3934.8,3911.7,3937.2,3905.8,0.47%
2021-02-11,3916.4,3916.4,3926.0,3890.4,0.17%
2021-02-10,3909.9,3920.8,3931.5,3884.9,-0.03%
2021-02-09,3911.2,3910.5,3918.3,3902.6,-0.11%
2021-02-08,3915.6,3892.6,3915.8,3892.6,0.74%
2021-02-05,3886.8,3878.3,3894.6,3874.9,0.39%
2021-02-04,3871.7,3836.7,3872.4,3836.7,1.08%
2021-02-03,3830.2,3840.3,3847.5,3816.7,0.10%
2021-02-02,3826.3,3791.8,3843.1,3791.8,1.39%
2021-02-01,3773.9,3731.2,3784.3,3725.6,1.61%
2021-01-29,3714.2,3778.1,3778.1,3694.1,-1.93%
2021-01-28,3787.4,3755.8,3830.5,3755.8,0.98%
2021-01-27,3750.8,3836.8,3836.8,3732.5,-2.57%
2021-01-26,3849.6,3863.0,3870.9,3847.8,-0.15%
2021-01-25,3855.4,3851.7,3859.2,3797.2,0.36%
2021-01-22,3841.5,3844.2,3852.3,3830.4,-0.30%
2021-01-21,3853.1,3857.5,3861.4,3845.1,0.03%
2021-01-20,3851.8,3816.2,3859.8,3816.2,1.39%
2021-01-19,3798.9,3781.9,3804.5,3780.4,0.81%
2021-01-15,3768.2,3788.7,3788.7,3749.6,-0.72%
2021-01-14,3795.5,3815.0,3823.6,3792.9,-0.38%
2021-01-13,3809.8,3802.2,3821.0,3791.5,0.23%
2021-01-12,3801.2,3801.6,3810.8,3776.5,0.04%
2021-01-11,3799.6,3803.1,3817.9,3789.0,-0.66%
2021-01-08,3824.7,3815.1,3826.7,3783.6,0.55%
2021-01-07,3803.8,3764.7,3811.6,3764.7,1.49%
2021-01-06,3748.1,3712.2,3783.0,3705.3,0.57%
2021-01-05,3726.9,3698.0,3737.8,3695.1,0.71%
2021-01-04,3700.7,3764.6,3770.0,3662.7,-1.47%
2020-12-31,3756.1,3733.3,3760.2,3726.9,0.65%
2020-12-30,3732.0,3736.2,3744.6,3730.2,0.13%
2020-12-29,3727.0,3750.0,3756.1,3723.3,-0.22%
2020-12-28,3735.4,3723.0,3740.5,3723.0,0.87%
2020-12-24,3703.1,3694.0,3703.8,3689.3,0.36%
2020-12-23,3690.0,3693.4,3711.2,3689.3,0.07%
2020-12-22,3687.3,3698.1,3698.3,3676.2,-0.21%
2020-12-21,3694.9,3684.3,3702.9,3636.5,-0.39%
2020-12-18,3709.4,3722.4,3726.7,3685.8,-0.35%
2020-12-17,3722.5,3713.7,3725.1,3710.9,0.58%
2020-12-16,3701.2,3696.2,3711.3,3688.6,0.18%
2020-12-15,3694.6,3666.4,3695.3,3659.6,1.29%
2020-12-14,3647.5,3675.3,3697.6,3645.8,-0.44%
2020-12-11,3663.5,3656.1,3665.9,3633.4,-0.13%
2020-12-10,3668.1,3659.1,3678.5,3645.2,-0.13%
2020-12-09,3672.8,3706.0,3712.4,3660.5,-0.79%
2020-12-08,3702.2,3683.1,3708.4,3678.8,0.28%
2020-12-07,3692.0,3694.7,3697.4,3678.9,-0.19%
2020-12-04,3699.1,3670.9,3699.2,3670.9,0.88%
2020-12-03,3666.7,3668.3,3682.7,3657.2,-0.06%
2020-12-02,3669.0,3653.8,3671.0,3644.8,0.18%
2020-12-01,3662.4,3645.9,3678.4,3645.9,1.13%
2020-11-30,3621.6,3634.2,3634.2,3594.4,-0.46%
2020-11-27,3638.3,3638.6,3644.3,3629.3,0.24%
2020-11-25,3629.7,3635.5,3635.5,3617.8,-0.16%
2020-11-24,3635.4,3594.5,3642.3,3594.5,1.62%
2020-11-23,3577.6,3566.8,3589.8,3552.8,0.57%
2020-11-20,3557.5,3579.3,3581.2,3556.8,-0.68%
2020-11-19,3581.9,3559.4,3585.2,3543.8,0.40%
2020-11-18,3567.8,3612.1,3619.1,3567.3,-1.16%
2020-11-17,3609.5,3610.3,3623.1,3588.7,-0.48%
2020-11-16,3626.9,3600.2,3628.5,3600.2,1.16%
2020-11-13,3585.2,3552.6,3593.7,3552.6,1.36%
2020-11-12,3537.0,3562.7,3569.0,3518.6,-1.00%
2020-11-11,3572.7,3563.2,3581.2,3557.0,0.77%
2020-11-10,3545.5,3543.3,3557.2,3511.9,-0.14%
2020-11-09,3550.5,3583.0,3646.0,3547.5,1.17%
2020-11-06,3509.4,3508.3,3521.6,3484.3,-0.03%
2020-11-05,3510.4,3485.7,3529.1,3485.7,1.95%
2020-11-04,3443.4,3406.5,3486.2,3405.2,2.20%
2020-11-03,3369.2,3336.2,3389.5,3336.2,1.78%
2020-11-02,3310.2,3296.2,3330.1,3279.7,1.23%
2020-10-30,3270.0,3293.6,3304.9,3233.9,-1.21%
2020-10-29,3310.1,3277.2,3341.1,3259.8,1.20%
2020-10-28,3271.0,3342.5,3342.5,3268.9,-3.53%
2020-10-27,3390.7,3403.2,3409.5,3388.7,-0.30%
2020-10-26,3401.0,3441.4,3441.4,3364.9,-1.86%
2020-10-23,3465.4,3464.9,3466.5,3440.4,0.34%
2020-10-22,3453.5,3438.5,3460.5,3415.3,0.52%
2020-10-21,3435.6,3439.9,3464.9,3433.1,-0.22%
2020-10-20,3443.1,3439.4,3476.9,3435.7,0.47%
2020-10-19,3426.9,3493.7,3502.4,3419.9,-1.63%
2020-10-16,3483.8,3493.5,3515.8,3480.4,0.01%
2020-10-15,3483.3,3453.7,3489.1,3440.9,-0.15%
2020-10-14,3488.7,3515.5,3527.9,3480.6,-0.66%
2020-10-13,3511.9,3534.0,3534.0,3500.9,-0.63%
2020-10-12,3534.2,3500.0,3549.8,3499.6,1.64%
2020-10-09,3477.1,3459.7,3482.3,3458.1,0.88%
2020-10-08,3446.8,3434.3,3447.3,3428.2,0.80%
2020-10-07,3419.4,3384.6,3426.3,3384.6,1.74%
2020-10-06,3360.9,3408.7,3431.6,3354.5,-1.40%
2020-10-05,3408.6,3367.3,3409.6,3367.3,1.80%
2020-10-02,3348.4,3338.9,3369.1,3323.7,-0.96%
2020-10-01,3380.8,3385.9,3397.2,3361.4,0.53%
2020-09-30,3363.0,3341.2,3393.6,3340.5,0.82%
2020-09-29,3335.5,3350.9,3357.9,3327.5,-0.48%
2020-09-28,3351.6,3333.9,3360.7,3332.9,1.61%
2020-09-25,3298.5,3236.7,3306.9,3228.4,1.60%
2020-09-24,3246.6,3226.1,3278.7,3209.4,0.30%
2020-09-23,3236.9,3320.1,3323.3,3232.6,-2.37%
2020-09-22,3315.6,3295.8,3320.3,3270.9,1.05%
2020-09-21,3281.1,3285.6,3285.6,3229.1,-1.16%
2020-09-18,3319.5,3357.4,3362.3,3292.4,-1.12%
2020-09-17,3357.0,3346.9,3375.2,3328.8,-0.84%
2020-09-16,3385.5,3411.2,3428.9,3384.4,-0.46%
2020-09-15,3401.2,3407.7,3419.5,3389.2,0.52%
2020-09-14,3383.5,3363.6,3402.9,3363.6,1.27%
2020-09-11,3341.0,3352.7,3368.9,3310.5,0.05%
2020-09-10,3339.2,3412.6,3425.6,3329.2,-1.76%
2020-09-09,3399.0,3369.8,3424.8,3366.8,2.02%
2020-09-08,3331.8,3371.9,3380.0,3329.3,-2.78%
2020-09-04,3427.0,3453.6,3479.2,3349.6,-0.81%
2020-09-03,3455.1,3564.7,3564.8,3427.4,-3.51%
2020-09-02,3580.8,3543.8,3588.1,3535.2,1.53%
2020-09-01,3526.7,3507.4,3528.0,3494.6,0.75%
2020-08-31,3500.3,3509.7,3514.8,3493.2,-0.22%
2020-08-28,3508.0,3494.7,3509.2,3484.3,0.67%
2020-08-27,3484.6,3485.1,3501.4,3468.3,0.17%
2020-08-26,3478.7,3450.0,3481.1,3444.2,1.02%
2020-08-25,3443.6,3435.9,3444.2,3425.8,0.36%
2020-08-24,3431.3,3418.1,3432.1,3413.1,1.00%
2020-08-21,3397.2,3386.0,3400.0,3379.3,0.35%
2020-08-20,3385.5,3360.5,3390.8,3354.7,0.32%
2020-08-19,3374.8,3392.5,3399.5,3369.7,-0.44%
2020-08-18,3389.8,3387.0,3395.1,3370.2,0.23%
2020-08-17,3382.0,3380.9,3387.6,3379.2,0.27%
2020-08-14,3372.8,3368.7,3378.5,3361.6,-0.02%
2020-08-13,3373.4,3372.9,3387.2,3363.3,-0.20%
2020-08-12,3380.3,3355.5,3387.9,3355.5,1.40%
2020-08-11,3333.7,3370.3,3381.0,3326.4,-0.80%
2020-08-10,3360.5,3356.0,3363.3,3335.4,0.27%
2020-08-07,3351.3,3340.1,3352.5,3328.7,0.06%
2020-08-06,3349.2,3323.2,3351.0,3318.1,0.64%
2020-08-05,3327.8,3317.4,3330.8,3317.4,0.64%
2020-08-04,3306.5,3289.9,3306.8,3286.4,0.36%
2020-08-03,3294.6,3288.3,3302.7,3284.5,0.72%
2020-07-31,3271.1,3270.4,3272.2,3220.3,0.77%
2020-07-30,3246.2,3231.8,3250.9,3204.1,-0.37%
2020-07-29,3258.4,3227.2,3264.7,3227.2,1.24%
2020-07-28,3218.4,3234.3,3243.7,3216.2,-0.65%
2020-07-27,3239.4,3219.8,3241.4,3214.2,0.74%
2020-07-24,3215.6,3218.6,3227.3,3200.1,-0.62%
2020-07-23,3235.7,3271.6,3280.0,3222.7,-1.23%
2020-07-22,3276.0,3254.9,3279.3,3253.1,0.57%
2020-07-21,3257.3,3268.5,3277.3,3247.8,0.17%
2020-07-20,3251.8,3224.3,3258.6,3215.2,0.84%
2020-07-17,3224.7,3224.2,3233.5,3205.7,0.28%
2020-07-16,3215.6,3208.4,3220.4,3198.6,-0.34%
2020-07-15,3226.6,3226.0,3238.3,3200.8,0.91%
2020-07-14,3197.5,3141.1,3200.9,3127.7,1.34%
2020-07-13,3155.2,3205.1,3235.3,3149.4,-0.94%
2020-07-10,3185.0,3152.5,3186.8,3136.2,1.04%
2020-07-09,3152.1,3176.2,3179.8,3115.7,-0.56%
2020-07-08,3169.9,3153.1,3171.8,3136.5,0.78%
2020-07-07,3145.3,3166.4,3184.2,3142.9,-1.08%
2020-07-06,3179.7,3155.3,3182.6,3155.3,1.59%
2020-07-02,3130.0,3143.6,3165.8,3124.5,0.45%
2020-07-01,3115.9,3105.9,3128.4,3101.2,0.50%
2020-06-30,3100.3,3050.2,3111.5,3047.8,1.54%
2020-06-29,3053.2,3018.6,3053.9,2999.7,1.47%
2020-06-26,3009.1,3073.2,3073.7,3004.6,-2.42%
2020-06-25,3083.8,3046.6,3086.2,3024.0,1.10%
2020-06-24,3050.3,3114.4,3115.0,3032.1,-2.59%
2020-06-23,3131.3,3138.7,3154.9,3127.1,0.43%
2020-06-22,3117.9,3094.4,3120.9,3079.4,0.65%
2020-06-19,3097.7,3140.3,3155.5,3083.1,-0.56%
2020-06-18,3115.3,3101.6,3120.0,3093.5,0.06%
2020-06-17,3113.5,3136.1,3141.2,3108.0,-0.36%
2020-06-16,3124.7,3131.0,3153.4,3076.1,1.89%
2020-06-15,3066.6,2993.8,3079.8,2965.7,0.83%
2020-06-12,3041.3,3071.0,3088.4,2984.5,1.31%
2020-06-11,3002.1,3123.5,3123.5,2999.5,-5.89%
2020-06-10,3190.1,3213.4,3223.3,3181.5,-0.53%
2020-06-09,3207.2,3213.3,3222.7,3193.1,-0.78%
2020-06-08,3232.4,3199.9,3233.1,3196.0,1.21%
2020-06-05,3193.9,3163.8,3211.7,3163.8,2.62%
2020-06-04,3112.3,3111.6,3128.9,3090.4,-0.34%
2020-06-03,3122.9,3098.9,3130.9,3098.9,1.37%
2020-06-02,3080.8,3064.8,3081.1,3051.6,0.82%
2020-06-01,3055.7,3038.8,3062.2,3031.5,0.37%
2020-05-29,3044.3,3025.2,3049.2,2998.6,0.48%
2020-05-28,3029.7,3046.6,3068.7,3023.4,-0.21%
2020-05-27,3036.1,3015.7,3036.2,2969.8,1.48%
2020-05-26,2991.8,3004.1,3021.7,2988.2,1.23%
2020-05-22,2955.4,2948.1,2956.8,2933.6,0.23%
2020-05-21,2948.5,2969.9,2978.5,2938.6,-0.78%
2020-05-20,2971.6,2953.6,2980.3,2953.6,1.67%
2020-05-19,2922.9,2948.6,2964.2,2922.3,-1.05%
2020-05-18,2953.9,2913.9,2968.1,2913.9,3.15%
2020-05-15,2863.7,2829.9,2865.0,2816.8,0.39%
2020-05-14,2852.5,2794.5,2852.8,2766.6,1.15%
2020-05-13,2820.0,2865.9,2874.1,2793.2,-1.75%
2020-05-12,2870.1,2939.5,2945.8,2869.6,-2.05%
2020-05-11,2930.3,2915.5,2944.2,2903.4,0.02%
2020-05-08,2929.8,2908.8,2932.2,2902.9,1.69%
2020-05-07,2881.2,2878.3,2901.9,2876.5,1.15%
2020-05-06,2848.4,2883.1,2891.1,2847.7,-0.70%
2020-05-05,2868.4,2868.9,2898.2,2863.6,0.90%
2020-05-04,2842.7,2815.0,2844.2,2797.8,0.42%
2020-05-01,2830.7,2869.1,2869.1,2821.6,-2.81%
2020-04-30,2912.4,2930.9,2930.9,2892.5,-0.92%
2020-04-29,2939.5,2918.5,2954.9,2912.2,2.66%
2020-04-28,2863.4,2910.0,2921.2,2860.7,-0.52%
2020-04-27,2878.5,2854.7,2887.7,2852.9,1.47%
2020-04-24,2836.7,2812.6,2842.7,2791.8,1.39%
2020-04-23,2797.8,2810.4,2844.9,2794.3,-0.05%
2020-04-22,2799.3,2787.9,2815.1,2775.9,2.29%
2020-04-21,2736.6,2784.8,2785.5,2727.1,-3.07%
2020-04-20,2823.2,2845.6,2869.0,2820.4,-1.79%
2020-04-17,2874.6,2842.4,2879.2,2830.9,2.68%
2020-04-16,2799.6,2799.3,2806.5,2764.3,0.58%
2020-04-15,2783.4,2795.6,2801.9,2761.5,-2.20%
2020-04-14,2846.1,2805.1,2851.8,2805.1,3.06%
2020-04-13,2761.6,2782.5,2782.5,2721.2,-1.01%
2020-04-09,2789.8,2777.0,2818.6,2762.4,1.45%
2020-04-08,2750.0,2685.0,2760.8,2663.3,3.41%
2020-04-07,2659.4,2738.7,2756.9,2657.7,-0.16%
2020-04-06,2663.7,2578.3,2676.8,2574.6,7.03%
2020-04-03,2488.7,2514.9,2538.2,2460.0,-1.51%
2020-04-02,2526.9,2458.5,2533.2,2455.8,2.28%
2020-04-01,2470.5,2498.1,2522.8,2447.5,-4.41%
2020-03-31,2584.6,2614.7,2641.4,2571.2,-1.60%
2020-03-30,2626.7,2559.0,2631.8,2545.3,3.35%
2020-03-27,2541.5,2555.9,2615.9,2520.0,-3.37%
2020-03-26,2630.1,2501.3,2637.0,2500.7,6.24%
2020-03-25,2475.6,2457.8,2571.4,2407.5,1.16%
2020-03-24,2447.3,2344.4,2449.7,2344.4,9.38%
2020-03-23,2237.4,2290.7,2300.7,2191.9,-2.93%
2020-03-20,2304.9,2431.9,2453.0,2295.6,-4.34%
2020-03-19,2409.4,2393.5,2467.0,2319.8,0.47%
2020-03-18,2398.1,2436.5,2453.6,2280.5,-5.18%
2020-03-17,2529.2,2425.7,2553.9,2367.0,6.00%
2020-03-16,2386.1,2508.6,2563.0,2380.9,-11.98%
2020-03-13,2711.0,2570.0,2711.3,2492.4,9.29%
2020-03-12,2480.6,2630.9,2660.9,2478.9,-9.51%
2020-03-11,2741.4,2825.6,2825.6,2707.2,-4.89%
2020-03-10,2882.2,2813.5,2882.6,2734.0,4.94%
2020-03-09,2746.6,2863.9,2863.9,2734.4,-7.60%
2020-03-06,2972.4,2954.2,2985.9,2901.5,-1.70%
2020-03-05,3023.9,3075.7,3083.0,2999.8,-3.39%
2020-03-04,3130.1,3045.8,3131.0,3034.4,4.22%
2020-03-03,3003.4,3096.5,3136.7,2976.6,-2.81%
2020-03-02,3090.2,2974.3,3091.0,2945.2,4.60%
2020-02-28,2954.2,2916.9,2959.7,2855.8,-0.83%
2020-02-27,2978.8,3062.5,3097.1,2977.4,-4.42%
2020-02-26,3116.4,3139.9,3182.5,3109.0,-0.38%
2020-02-25,3128.2,3238.9,3247.0,3118.8,-3.03%
2020-02-24,3225.9,3257.6,3259.8,3214.7,-3.35%
2020-02-21,3337.8,3360.5,3360.8,3328.4,-1.05%
2020-02-20,3373.2,3380.4,3389.2,3341.0,-0.38%
2020-02-19,3386.2,3380.4,3393.5,3378.8,0.47%
2020-02-18,3370.3,3369.0,3375.0,3355.6,-0.29%
2020-02-14,3380.2,3378.1,3380.7,3366.2,0.19%
2020-02-13,3373.9,3365.9,3385.1,3360.5,-0.16%
2020-02-12,3379.4,3370.5,3381.5,3369.7,0.64%
2020-02-11,3357.8,3365.9,3375.6,3352.7,0.17%
2020-02-10,3352.1,3318.3,3352.3,3317.8,0.73%
2020-02-07,3327.7,3335.5,3341.4,3322.1,-0.54%
2020-02-06,3345.8,3344.9,3348.0,3334.4,0.33%
2020-02-05,3334.7,3324.9,3337.6,3313.8,1.13%
2020-02-04,3297.6,3280.6,3306.9,3280.6,1.50%
2020-02-03,3248.9,3235.7,3268.4,3235.7,0.73%
2020-01-31,3225.5,3282.3,3282.3,3214.7,-1.77%
2020-01-30,3283.7,3256.4,3285.9,3242.8,0.31%
2020-01-29,3273.4,3289.5,3293.5,3271.9,-0.09%
2020-01-28,3276.2,3255.3,3285.8,3253.2,1.01%
2020-01-27,3243.6,3247.2,3258.8,3234.5,-1.57%
2020-01-24,3295.5,3333.1,3333.2,3281.5,-0.90%
2020-01-23,3325.5,3315.8,3326.9,3301.9,0.11%
2020-01-22,3321.8,3330.0,3337.8,3320.0,0.03%
2020-01-21,3320.8,3321.0,3329.8,3316.6,-0.26%
2020-01-17,3329.6,3323.7,3329.9,3318.9,0.39%
2020-01-16,3316.8,3303.0,3317.1,3302.8,0.84%
2020-01-15,3289.3,3282.3,3298.7,3280.7,0.19%
2020-01-14,3283.2,3285.3,3294.2,3277.2,-0.15%
2020-01-13,3288.1,3271.1,3288.1,3268.4,0.70%
2020-01-10,3265.3,3281.8,3283.0,3260.9,-0.29%
2020-01-09,3274.7,3266.0,3275.6,3263.7,0.66%
2020-01-08,3253.1,3238.6,3267.1,3236.7,0.49%
2020-01-07,3237.2,3241.9,3244.9,3232.4,-0.28%
2020-01-06,3246.3,3217.6,3246.8,3214.6,0.36%
2020-01-03,3234.8,3226.4,3246.2,3222.3,-0.71%
2020-01-02,3257.8,3244.7,3258.1,3235.5,0.84%
2019-12-31,3230.8,3215.2,3231.7,3212.0,0.29%
2019-12-30,3221.3,3240.1,3240.9,3216.6,-0.58%
2019-12-27,3240.0,3247.2,3247.9,3234.4,0.00%
2019-12-26,3239.9,3227.2,3240.1,3227.2,0.51%
2019-12-24,3223.4,3225.4,3226.4,3220.5,-0.02%
2019-12-23,3224.0,3226.1,3227.8,3222.3,0.09%
2019-12-20,3221.2,3223.3,3225.7,3216.0,0.49%
2019-12-19,3205.4,3192.3,3205.5,3192.3,0.45%
2019-12-18,3191.1,3195.2,3198.5,3191.1,-0.04%
2019-12-17,3192.5,3195.4,3198.2,3191.0,0.03%
2019-12-16,3191.4,3183.6,3197.7,3183.6,0.71%
2019-12-13,3168.8,3166.7,3182.7,3156.5,0.01%
2019-12-12,3168.6,3141.2,3176.3,3138.5,0.86%
2019-12-11,3141.6,3135.8,3144.0,3133.2,0.29%
2019-12-10,3132.5,3135.4,3142.1,3126.1,-0.11%
2019-12-09,3136.0,3141.9,3148.9,3135.5,-0.31%
2019-12-06,3145.9,3134.6,3150.6,3134.6,0.91%
2019-12-05,3117.4,3119.2,3119.4,3103.8,0.15%
2019-12-04,3112.8,3103.5,3119.4,3102.5,0.63%
2019-12-03,3093.2,3087.4,3095.0,3070.3,-0.66%
2019-12-02,3113.9,3143.8,3144.3,3110.8,-0.86%
2019-11-29,3141.0,3147.2,3150.3,3139.3,-0.40%
2019-11-27,3153.6,3145.5,3154.3,3143.4,0.42%
2019-11-26,3140.5,3134.8,3142.7,3131.0,0.22%
2019-11-25,3133.6,3117.4,3133.8,3117.4,0.75%
2019-11-22,3110.3,3111.4,3112.9,3099.3,0.22%
2019-11-21,3103.5,3108.5,3110.1,3094.6,-0.16%
2019-11-20,3108.5,3114.7,3119.0,3091.4,-0.37%
2019-11-19,3120.2,3127.4,3127.6,3113.5,-0.06%
2019-11-18,3122.0,3117.9,3124.2,3112.1,0.05%
2019-11-15,3120.5,3107.9,3120.5,3104.6,0.77%
2019-11-14,3096.6,3090.8,3098.2,3083.3,0.08%
2019-11-13,3094.0,3084.2,3098.1,3078.8,0.07%
2019-11-12,3091.8,3089.3,3102.6,3084.7,0.16%
2019-11-11,3087.0,3080.3,3088.3,3075.8,-0.20%
2019-11-08,3093.1,3081.2,3093.1,3073.6,0.26%
2019-11-07,3085.2,3087.0,3097.8,3080.2,0.27%
2019-11-06,3076.8,3075.1,3078.3,3065.9,0.07%
2019-11-05,3074.6,3080.8,3083.9,3072.2,-0.12%
2019-11-04,3078.3,3079.0,3085.2,3074.9,0.37%
2019-11-01,3066.9,3050.7,3066.9,3050.7,0.96%
2019-10-31,3037.6,3046.9,3046.9,3023.2,-0.30%
2019-10-30,3046.8,3039.7,3050.1,3026.0,0.33%
2019-10-29,3036.9,3035.4,3047.9,3034.8,-0.08%
2019-10-28,3039.4,3032.1,3044.1,3032.1,0.56%
2019-10-25,3022.6,3003.3,3027.4,3001.9,0.41%
2019-10-24,3010.3,3014.8,3016.1,3000.4,0.19%
2019-10-23,3004.5,2994.0,3004.8,2991.2,0.28%
2019-10-22,2996.0,3010.7,3014.6,2995.0,-0.36%
2019-10-21,3006.7,2996.5,3007.3,2995.3,0.69%
2019-10-18,2986.2,2996.8,3000.0,2976.3,-0.39%
2019-10-17,2997.9,3000.8,3008.3,2991.8,0.27%
2019-10-16,2989.7,2989.7,2997.5,2985.2,-0.20%
2019-10-15,2995.7,2973.6,3003.3,2973.6,0.99%
2019-10-14,2966.2,2965.8,2972.8,2962.9,-0.14%
2019-10-11,2970.3,2963.1,2993.3,2963.1,1.10%
2019-10-10,2938.1,2918.6,2948.5,2917.1,0.64%
2019-10-09,2919.4,2911.1,2929.3,2907.4,0.91%
2019-10-08,2893.1,2920.4,2925.5,2892.7,-1.56%
2019-10-07,2938.8,2944.2,2959.8,2935.7,-0.45%
2019-10-04,2952.0,2918.6,2953.7,2918.6,1.42%
2019-10-03,2910.6,2885.4,2911.1,2855.9,0.80%
2019-10-02,2887.6,2924.8,2924.8,2874.9,-1.79%
2019-10-01,2940.2,2983.7,2992.5,2938.7,-1.23%
2019-09-30,2976.7,2967.1,2983.8,2967.1,0.50%
2019-09-27,2961.8,2985.5,2987.3,2945.5,-0.53%
2019-09-26,2977.6,2985.7,2987.3,2963.7,-0.24%
2019-09-25,2984.9,2968.3,2989.8,2952.9,0.62%
2019-09-24,2966.6,3002.4,3008.0,2957.7,-0.84%
2019-09-23,2991.8,2983.5,2999.2,2982.2,-0.01%
2019-09-20,2992.1,3008.4,3016.4,2984.7,-0.49%
2019-09-19,3006.8,3010.4,3022.0,3003.2,0.00%
2019-09-18,3006.7,3001.5,3007.8,2978.6,0.03%
2019-09-17,3005.7,2995.7,3006.2,2993.7,0.26%
2019-09-16,2998.0,2996.4,3002.2,2990.7,-0.31%
2019-09-13,3007.4,3012.2,3017.3,3002.9,-0.07%
2019-09-12,3009.6,3009.1,3020.7,3000.9,0.29%
2019-09-11,3000.9,2981.4,3000.9,2975.3,0.72%
2019-09-10,2979.4,2971.0,2979.4,2957.0,0.03%
2019-09-09,2978.4,2988.4,2989.4,2969.4,-0.01%
2019-09-06,2978.7,2980.3,2985.0,2972.5,0.09%
2019-09-05,2976.0,2960.6,2985.9,2960.6,1.30%
2019-09-04,2937.8,2924.7,2938.8,2921.9,1.08%
2019-09-03,2906.3,2909.0,2914.4,2891.8,-0.69%
2019-08-30,2926.5,2937.1,2940.4,2913.3,0.06%
2019-08-29,2924.6,2910.4,2930.5,2905.7,1.27%
2019-08-28,2887.9,2861.3,2890.0,2853.1,0.65%
2019-08-27,2869.2,2893.1,2898.8,2860.6,-0.32%
2019-08-26,2878.4,2866.7,2879.3,2856.0,1.10%
2019-08-23,2847.1,2911.1,2927.0,2835.0,-2.59%
2019-08-22,2922.9,2930.9,2939.1,2904.5,-0.05%
2019-08-21,2924.4,2922.0,2928.7,2917.9,0.82%
2019-08-20,2900.5,2919.0,2923.6,2899.6,-0.79%
2019-08-19,2923.7,2913.5,2931.0,2913.5,1.21%
2019-08-16,2888.7,2864.7,2893.6,2864.7,1.44%
2019-08-15,2847.6,2846.2,2856.7,2825.5,0.25%
2019-08-14,2840.6,2894.2,2894.2,2839.6,-2.93%
2019-08-13,2926.3,2880.7,2943.3,2877.1,1.47%
2019-08-12,2883.8,2907.1,2907.6,2873.1,-1.20%
2019-08-09,2918.7,2930.5,2935.8,2900.2,-0.66%
2019-08-08,2938.1,2896.2,2938.7,2894.5,1.88%
2019-08-07,2884.0,2858.7,2892.2,2825.7,0.08%
2019-08-06,2881.8,2861.2,2884.4,2847.4,1.30%
2019-08-05,2844.7,2898.1,2898.1,2822.1,-2.98%
2019-08-02,2932.1,2943.9,2945.5,2914.1,-0.73%
2019-08-01,2953.6,2980.3,3013.6,2945.2,-0.90%
2019-07-31,2980.4,3016.2,3017.4,2958.1,-1.09%
2019-07-30,3013.2,3007.7,3017.2,3000.9,-0.26%
2019-07-29,3021.0,3024.5,3025.6,3014.3,-0.16%
2019-07-26,3025.9,3013.2,3028.0,3012.6,0.74%
2019-07-25,3003.7,3016.3,3016.3,2997.2,-0.53%
2019-07-24,3019.6,2998.8,3019.6,2996.8,0.47%
2019-07-23,3005.5,2994.7,3005.9,2988.6,0.69%
2019-07-22,2985.0,2981.9,2990.7,2976.7,0.28%
2019-07-19,2976.6,3004.3,3006.0,2975.9,-0.62%
2019-07-18,2995.1,2978.9,2998.3,2973.1,0.36%
2019-07-17,2984.4,3005.1,3005.3,2984.2,-0.65%
2019-07-16,3004.0,3012.1,3015.0,3001.2,-0.34%
2019-07-15,3014.3,3017.8,3017.8,3008.8,0.02%
2019-07-12,3013.8,3003.4,3013.9,3001.9,0.46%
2019-07-11,2999.9,2999.6,3002.3,2988.8,0.23%
2019-07-10,2993.1,2989.3,3003.0,2984.6,0.45%
2019-07-09,2979.6,2965.5,2981.9,2963.4,0.12%
2019-07-08,2975.9,2979.8,2980.8,2970.1,-0.48%
2019-07-05,2990.4,2984.2,2994.0,2968.0,-0.18%
2019-07-03,2995.8,2978.1,2995.8,2978.0,0.77%
2019-07-02,2973.0,2964.7,2973.2,2955.9,0.29%
2019-07-01,2964.3,2971.4,2977.9,2952.2,0.76%
2019-06-28,2941.8,2932.9,2944.0,2929.1,0.58%
2019-06-27,2924.9,2919.7,2929.3,2918.6,0.38%
2019-06-26,2913.8,2926.1,2932.6,2913.0,-0.12%
2019-06-25,2917.4,2945.8,2946.5,2916.0,-0.95%
2019-06-24,2945.3,2951.4,2954.9,2944.1,-0.18%
2019-06-21,2950.5,2952.7,2964.2,2946.9,-0.13%
2019-06-20,2954.2,2949.6,2958.1,2931.5,0.95%
2019-06-19,2926.5,2920.6,2931.7,2911.4,0.30%
2019-06-18,2917.8,2906.7,2930.8,2905.4,0.97%
2019-06-17,2889.7,2889.8,2897.3,2887.3,0.09%
2019-06-14,2887.0,2886.8,2894.4,2879.6,-0.16%
2019-06-13,2891.6,2886.2,2895.2,2882.0,0.41%
2019-06-12,2879.8,2882.7,2888.6,2874.7,-0.20%
2019-06-11,2885.7,2903.3,2910.6,2878.5,-0.03%
2019-06-10,2886.7,2885.8,2904.8,2885.5,0.47%
2019-06-07,2873.3,2852.9,2885.0,2852.9,1.05%
2019-06-06,2843.5,2828.5,2852.1,2822.4,0.61%
2019-06-05,2826.2,2818.1,2827.3,2800.9,0.82%
2019-06-04,2803.3,2762.6,2804.5,2762.6,2.15%
2019-06-03,2744.4,2751.5,2763.1,2728.8,-0.28%
2019-05-31,2752.1,2766.2,2769.0,2750.5,-1.32%
2019-05-30,2788.9,2786.9,2799.0,2776.7,0.21%
2019-05-29,2783.0,2790.2,2792.0,2766.1,-0.69%
2019-05-28,2802.4,2830.0,2840.5,2801.6,-0.84%
2019-05-24,2826.1,2832.4,2841.4,2820.2,0.14%
2019-05-23,2822.2,2836.7,2836.7,2805.5,-1.19%
2019-05-22,2856.3,2856.1,2865.5,2851.1,-0.28%
2019-05-21,2864.4,2854.0,2868.9,2854.0,0.85%
2019-05-20,2840.2,2841.9,2853.9,2831.3,-0.67%
2019-05-17,2859.5,2858.6,2885.5,2854.2,-0.58%
2019-05-16,2876.3,2855.8,2892.2,2855.8,0.89%
2019-05-15,2851.0,2820.4,2858.7,2815.1,0.59%
2019-05-14,2834.4,2820.1,2852.5,2820.1,0.80%
2019-05-13,2811.9,2840.2,2840.2,2801.4,-2.41%
2019-05-10,2881.4,2863.1,2891.3,2825.4,0.37%
2019-05-09,2870.7,2859.8,2876.0,2836.4,-0.30%
2019-05-08,2879.4,2879.6,2898.0,2873.3,-0.16%
2019-05-07,2884.1,2913.0,2913.0,2862.6,-1.65%
2019-05-06,2932.5,2908.9,2937.3,2898.2,-0.44%
2019-05-03,2945.6,2929.2,2947.8,2929.2,0.96%
2019-05-02,2917.5,2922.2,2931.7,2900.5,-0.21%
2019-05-01,2923.7,2952.3,2954.1,2923.4,-0.75%
2019-04-30,2945.8,2937.1,2948.2,2924.1,0.10%
2019-04-29,2943.0,2940.6,2949.5,2939.3,0.11%
2019-04-26,2939.9,2925.8,2939.9,2917.6,0.47%
2019-04-25,2926.2,2929.0,2933.1,2912.8,-0.03%
2019-04-24,2927.2,2934.0,2936.8,2926.1,-0.22%
2019-04-23,2933.7,2910.0,2936.3,2908.5,0.88%
2019-04-22,2908.0,2898.8,2909.5,2896.3,0.10%
2019-04-18,2905.0,2904.8,2908.4,2891.9,0.16%
2019-04-17,2900.4,2916.0,2918.0,2895.4,-0.23%
2019-04-16,2907.1,2912.3,2916.1,2900.7,0.05%
2019-04-15,2905.6,2908.3,2909.6,2896.5,-0.06%
2019-04-12,2907.4,2900.9,2910.5,2898.4,0.66%
2019-04-11,2888.3,2891.9,2893.4,2882.0,0.00%
2019-04-10,2888.2,2881.4,2889.7,2879.1,0.35%
2019-04-09,2878.2,2886.6,2886.9,2873.3,-0.61%
2019-04-08,2895.8,2888.5,2895.9,2880.8,0.11%
2019-04-05,2892.7,2884.2,2893.2,2883.0,0.46%
2019-04-04,2879.4,2874.0,2881.3,2867.1,0.21%
2019-04-03,2873.4,2876.1,2885.2,2865.2,0.22%
2019-04-02,2867.2,2868.2,2872.9,2858.8,0.00%
2019-04-01,2867.2,2848.6,2869.4,2848.6,1.16%
2019-03-29,2834.4,2828.3,2836.0,2819.2,0.67%
2019-03-28,2815.4,2809.4,2819.7,2798.8,0.36%
2019-03-27,2805.4,2819.7,2825.6,2787.7,-0.46%
2019-03-26,2818.5,2812.7,2829.9,2804.0,0.72%
2019-03-25,2798.4,2796.0,2809.8,2785.0,-0.08%
2019-03-22,2800.7,2844.5,2846.2,2800.5,-1.90%
2019-03-21,2854.9,2819.7,2860.3,2817.4,1.09%
2019-03-20,2824.2,2831.3,2843.5,2812.4,-0.30%
2019-03-19,2832.6,2840.8,2852.4,2823.3,-0.01%
2019-03-18,2832.9,2822.6,2835.4,2822.0,0.37%
2019-03-15,2822.5,2810.8,2830.7,2810.8,0.50%
2019-03-14,2808.5,2810.4,2815.0,2803.5,-0.09%
2019-03-13,2810.9,2799.8,2821.2,2799.8,0.69%
2019-03-12,2791.5,2787.3,2798.3,2786.7,0.29%
2019-03-11,2783.3,2747.6,2784.0,2747.6,1.47%
2019-03-08,2743.1,2730.8,2744.1,2722.3,-0.21%
2019-03-07,2748.9,2766.5,2767.2,2739.1,-0.81%
2019-03-06,2771.4,2790.3,2790.3,2768.7,-0.66%
2019-03-05,2789.7,2794.4,2796.4,2783.0,-0.11%
2019-03-04,2792.8,2814.4,2816.9,2767.7,-0.39%
2019-03-01,2803.7,2798.2,2808.0,2787.4,0.69%
2019-02-28,2784.5,2788.1,2793.7,2782.5,-0.28%
2019-02-27,2792.4,2787.5,2795.8,2775.1,-0.05%
2019-02-26,2793.9,2792.4,2803.1,2789.5,-0.08%
2019-02-25,2796.1,2804.3,2813.5,2795.0,0.12%
2019-02-22,2792.7,2780.7,2794.2,2779.1,0.64%
2019-02-21,2774.9,2780.2,2781.6,2764.6,-0.35%
2019-02-20,2784.7,2779.1,2789.9,2774.1,0.18%
2019-02-19,2779.8,2769.3,2787.3,2767.3,0.15%
2019-02-15,2775.6,2760.2,2775.7,2760.2,1.09%
2019-02-14,2745.7,2743.5,2757.9,2731.2,-0.27%
2019-02-13,2753.0,2750.3,2761.8,2748.6,0.30%
2019-02-12,2744.7,2722.6,2748.2,2722.6,1.29%
2019-02-11,2709.8,2712.4,2718.1,2703.8,0.07%
2019-02-08,2707.9,2692.4,2708.1,2681.8,0.07%
2019-02-07,2706.1,2717.5,2719.3,2687.3,-0.93%
2019-02-06,2731.6,2735.1,2738.1,2724.2,-0.22%
2019-02-05,2737.7,2728.3,2739.0,2724.0,0.47%
2019-02-04,2724.9,2706.5,2725.0,2698.8,0.68%
2019-02-01,2706.5,2702.3,2716.7,2696.9,0.09%
2019-01-31,2704.1,2685.5,2708.9,2678.7,0.86%
2019-01-30,2681.1,2653.6,2690.4,2648.3,1.56%
2019-01-29,2640.0,2644.9,2650.9,2631.1,-0.14%
2019-01-28,2643.8,2645.0,2645.0,2624.1,-0.79%
2019-01-25,2664.8,2657.4,2672.4,2657.3,0.85%
2019-01-24,2642.3,2638.8,2647.2,2627.0,0.14%
2019-01-23,2638.7,2643.5,2653.2,2612.9,0.22%
2019-01-22,2632.9,2657.9,2657.9,2617.3,-1.42%
2019-01-18,2670.7,2651.3,2675.5,2647.6,1.32%
2019-01-17,2636.0,2609.3,2645.1,2606.4,0.76%
2019-01-16,2616.1,2614.8,2625.8,2612.7,0.22%
2019-01-15,2610.3,2585.1,2613.1,2585.1,1.07%
2019-01-14,2582.6,2580.3,2589.3,2570.4,-0.53%
2019-01-11,2596.3,2588.1,2596.3,2577.4,-0.01%
2019-01-10,2596.6,2573.5,2597.8,2562.0,0.45%
2019-01-09,2585.0,2580.0,2595.3,2568.9,0.41%
2019-01-08,2574.4,2568.1,2579.8,2547.6,0.97%
2019-01-07,2549.7,2535.6,2566.2,2524.6,0.70%
2019-01-04,2531.9,2474.3,2538.1,2474.3,3.43%
2019-01-03,2447.9,2491.9,2493.1,2444.0,-2.47%
2019-01-02,2510.0,2477.0,2519.5,2467.5,0.13%
2018-12-31,2506.8,2498.9,2509.2,2482.8,0.85%
2018-12-28,2485.7,2498.8,2520.3,2472.9,-0.12%
2018-12-27,2488.8,2442.5,2489.1,2397.9,0.86%
2018-12-26,2467.7,2363.1,2467.8,2346.6,4.96%
2018-12-24,2351.1,2400.6,2410.3,2351.1,-2.71%
2018-12-21,2416.6,2465.4,2504.4,2408.6,-2.06%
2018-12-20,2467.4,2496.8,2509.6,2441.2,-1.58%
2018-12-19,2507.0,2547.1,2585.3,2489.0,-1.54%
2018-12-18,2546.2,2559.9,2574.0,2528.7,0.01%
2018-12-17,2545.9,2590.8,2601.1,2530.5,-2.08%
2018-12-14,2599.9,2629.7,2635.1,2593.8,-1.91%
2018-12-13,2650.5,2658.7,2670.2,2637.3,-0.02%
2018-12-12,2651.1,2658.2,2685.4,2650.3,0.54%
2018-12-11,2636.8,2664.4,2674.3,2621.3,-0.03%
2018-12-10,2637.7,2630.9,2647.5,2583.2,0.17%
2018-12-07,2633.1,2691.3,2708.5,2623.1,-2.33%
2018-12-06,2695.9,2663.5,2696.2,2621.5,-0.16%
2018-12-04,2700.1,2782.4,2785.9,2697.2,-3.24%
2018-12-03,2790.4,2790.5,2800.2,2773.4,1.09%
2018-11-30,2760.2,2737.8,2760.9,2732.8,0.82%
2018-11-29,2737.8,2737.0,2753.8,2722.9,-0.22%
2018-11-28,2743.8,2691.4,2744.0,2684.4,2.30%
2018-11-27,2682.2,2663.8,2682.5,2655.9,0.33%
2018-11-26,2673.4,2650.0,2674.3,2650.0,1.55%
2018-11-23,2632.6,2633.4,2647.6,2631.1,-0.65%
2018-11-21,2649.9,2657.7,2670.7,2649.8,0.30%
2018-11-20,2641.9,2654.6,2669.4,2631.5,-1.81%
2018-11-19,2690.7,2730.7,2733.2,2681.1,-1.67%
2018-11-16,2736.3,2718.5,2746.8,2712.2,0.22%
2018-11-15,2730.2,2693.5,2735.4,2670.8,1.06%
2018-11-14,2701.6,2737.9,2746.8,2685.8,-0.76%
2018-11-13,2722.2,2730.1,2754.6,2715.0,-0.15%
2018-11-12,2726.2,2773.9,2776.0,2722.0,-1.97%
2018-11-09,2781.0,2794.1,2794.1,2764.2,-0.92%
2018-11-08,2806.8,2806.4,2814.8,2795.0,-0.25%
2018-11-07,2813.9,2774.1,2815.2,2774.1,2.12%
2018-11-06,2755.4,2738.4,2756.8,2737.1,0.62%
2018-11-05,2738.3,2726.4,2744.3,2717.9,0.56%
2018-11-02,2723.1,2745.4,2756.6,2700.4,-0.63%
2018-11-01,2740.4,2717.6,2741.7,2708.8,1.06%
2018-10-31,2711.7,2705.6,2736.7,2705.6,1.08%
2018-10-30,2682.6,2640.7,2685.4,2635.3,1.57%
2018-10-29,2641.2,2682.7,2706.8,2603.5,-0.66%
2018-10-26,2658.7,2667.9,2692.4,2628.2,-1.73%
2018-10-25,2705.6,2674.9,2722.7,2667.8,1.86%
2018-10-24,2656.1,2737.9,2742.6,2651.9,-3.09%
2018-10-23,2740.7,2721.0,2753.6,2691.4,-0.55%
2018-10-22,2755.9,2773.9,2778.9,2749.2,-0.43%
2018-10-19,2767.8,2775.7,2797.8,2760.3,-0.04%
2018-10-18,2768.8,2802.0,2806.0,2755.2,-1.44%
2018-10-17,2809.2,2811.7,2816.9,2781.8,-0.02%
2018-10-16,2809.9,2767.1,2813.5,2766.9,2.15%
2018-10-15,2750.8,2763.8,2776.0,2749.0,-0.59%
2018-10-12,2767.1,2770.5,2775.8,2729.4,1.42%
2018-10-11,2728.4,2776.9,2795.1,2710.5,-2.06%
2018-10-10,2785.7,2873.9,2874.0,2784.9,-3.28%
2018-10-09,2880.3,2882.5,2894.8,2874.3,-0.14%
2018-10-08,2884.4,2877.5,2889.4,2862.1,-0.04%
2018-10-05,2885.6,2902.5,2909.6,2869.3,-0.55%
2018-10-04,2901.6,2919.3,2919.8,2883.9,-0.82%
2018-10-03,2925.5,2931.7,2939.9,2921.4,0.07%
2018-10-02,2923.4,2923.8,2931.4,2919.4,-0.04%
2018-10-01,2924.6,2926.3,2937.1,2917.9,0.36%
2018-09-28,2914.0,2910.0,2920.5,2907.5,0.00%
2018-09-27,2914.0,2911.7,2927.2,2909.3,0.28%
2018-09-26,2906.0,2917.0,2931.2,2903.3,-0.33%
2018-09-25,2915.6,2921.8,2923.9,2913.7,-0.13%
2018-09-24,2919.4,2921.8,2923.8,2912.6,-0.35%
2018-09-21,2929.7,2936.8,2940.9,2927.1,-0.04%
2018-09-20,2930.8,2919.7,2934.8,2919.7,0.79%
2018-09-19,2907.9,2906.6,2912.4,2903.8,0.12%
2018-09-18,2904.3,2890.7,2911.2,2890.4,0.54%
2018-09-17,2888.8,2903.8,2904.7,2886.2,-0.56%
2018-09-14,2905.0,2906.4,2908.3,2895.8,0.03%
2018-09-13,2904.2,2896.8,2906.8,2896.4,0.53%
2018-09-12,2888.9,2888.3,2894.7,2879.2,0.03%
2018-09-11,2887.9,2871.6,2892.5,2866.8,0.38%
2018-09-10,2877.1,2881.4,2886.9,2875.9,0.19%
2018-09-07,2871.7,2868.3,2883.8,2864.1,-0.22%
2018-09-06,2878.1,2888.6,2892.1,2867.3,-0.36%
2018-09-05,2888.6,2891.6,2894.2,2876.9,-0.28%
2018-09-04,2896.7,2897.0,2900.2,2885.1,-0.17%
2018-08-31,2901.5,2898.4,2906.3,2891.7,0.01%
2018-08-30,2901.1,2908.9,2912.5,2895.2,-0.44%
2018-08-29,2914.0,2900.6,2916.5,2898.4,0.57%
2018-08-28,2897.5,2901.4,2903.8,2893.5,0.03%
2018-08-27,2896.7,2884.7,2898.2,2884.7,0.77%
2018-08-24,2874.7,2862.3,2876.2,2862.3,0.62%
2018-08-23,2857.0,2860.3,2868.8,2854.0,-0.17%
2018-08-22,2861.8,2861.0,2867.5,2856.1,-0.04%
2018-08-21,2863.0,2861.5,2873.2,2861.3,0.21%
2018-08-20,2857.1,2853.9,2859.8,2850.6,0.25%
2018-08-17,2850.1,2838.3,2855.6,2833.7,0.33%
2018-08-16,2840.7,2831.4,2850.5,2831.4,0.79%
2018-08-15,2818.4,2827.9,2827.9,2802.5,-0.76%
2018-08-14,2840.0,2827.9,2843.1,2826.6,0.64%
2018-08-13,2821.9,2835.5,2843.4,2819.9,-0.40%
2018-08-10,2833.3,2839.6,2842.2,2825.8,-0.71%
2018-08-09,2853.6,2857.2,2862.5,2852.0,-0.14%
2018-08-08,2857.7,2856.8,2862.4,2853.1,-0.02%
2018-08-07,2858.4,2855.9,2863.4,2855.9,0.28%
2018-08-06,2850.4,2840.3,2853.3,2836.0,0.36%
2018-08-03,2840.3,2829.6,2840.4,2827.4,0.46%
2018-08-02,2827.2,2800.5,2829.9,2796.3,0.49%
2018-08-01,2813.4,2821.2,2825.8,2805.8,-0.10%
2018-07-31,2816.3,2809.7,2824.5,2808.1,0.49%
2018-07-30,2802.6,2819.0,2821.7,2798.1,-0.57%
2018-07-27,2818.8,2842.3,2843.2,2808.3,-0.66%
2018-07-26,2837.4,2835.5,2845.6,2835.3,-0.31%
2018-07-25,2846.1,2817.7,2848.0,2817.7,0.91%
2018-07-24,2820.4,2820.7,2830.0,2811.1,0.48%
2018-07-23,2807.0,2799.2,2808.6,2795.1,0.19%
2018-07-20,2801.8,2804.6,2809.7,2800.0,-0.10%
2018-07-19,2804.5,2809.4,2812.1,2799.8,-0.39%
2018-07-18,2815.6,2811.3,2816.8,2805.9,0.21%
2018-07-17,2809.6,2789.3,2814.2,2789.2,0.40%
2018-07-16,2798.4,2801.4,2803.7,2793.4,-0.10%
2018-07-13,2801.3,2796.9,2804.5,2791.7,0.11%
2018-07-12,2798.3,2783.1,2799.2,2781.5,0.88%
2018-07-11,2774.0,2779.8,2785.9,2770.8,-0.71%
2018-07-10,2793.8,2788.6,2795.6,2786.2,0.34%
2018-07-09,2784.2,2768.5,2784.7,2768.5,0.88%
2018-07-06,2759.8,2737.7,2764.4,2733.5,0.85%
2018-07-05,2736.6,2724.2,2737.8,2716.0,0.86%
2018-07-03,2713.2,2733.3,2736.6,2711.2,-0.50%
2018-07-02,2726.7,2704.9,2727.3,2698.9,0.31%
2018-06-29,2718.4,2727.1,2743.3,2718.0,0.08%
2018-06-28,2716.3,2698.7,2724.3,2692.0,0.62%
2018-06-27,2699.6,2728.4,2746.1,2699.4,-0.86%
2018-06-26,2723.1,2722.1,2732.9,2715.6,0.22%
2018-06-25,2717.1,2742.9,2742.9,2698.7,-1.37%
2018-06-22,2754.9,2760.8,2764.2,2752.7,0.19%
2018-06-21,2749.8,2769.3,2769.3,2744.4,-0.63%
2018-06-20,2767.3,2769.7,2774.9,2763.9,0.17%
2018-06-19,2762.6,2752.0,2765.1,2743.2,-0.40%
2018-06-18,2773.8,2765.8,2775.0,2757.1,-0.21%
2018-06-15,2779.7,2777.8,2782.8,2761.7,-0.10%
2018-06-14,2782.5,2783.2,2789.1,2776.5,0.25%
2018-06-13,2775.6,2787.9,2791.5,2774.7,-0.40%
2018-06-12,2786.8,2785.6,2789.8,2778.8,0.17%
2018-06-11,2782.0,2780.2,2790.2,2780.2,0.11%
2018-06-08,2779.0,2765.8,2779.4,2763.6,0.31%
2018-06-07,2770.4,2774.8,2779.9,2760.2,-0.07%
2018-06-06,2772.3,2753.2,2772.4,2748.5,0.85%
2018-06-05,2748.8,2748.5,2752.6,2739.5,0.07%
2018-06-04,2746.9,2741.7,2749.2,2740.5,0.45%
2018-06-01,2734.6,2718.7,2736.9,2718.7,1.08%
2018-05-31,2705.3,2721.0,2722.5,2700.7,-0.69%
2018-05-30,2724.0,2702.4,2729.3,2702.4,1.27%
2018-05-29,2689.9,2705.1,2710.7,2676.8,-1.15%
2018-05-25,2721.3,2723.6,2727.4,2715.0,-0.24%
2018-05-24,2727.8,2730.9,2732.0,2707.4,-0.20%
2018-05-23,2733.3,2714.0,2733.3,2709.5,0.33%
2018-05-22,2724.4,2738.3,2742.2,2721.9,-0.31%
2018-05-21,2733.0,2725.9,2739.2,2725.7,0.74%
2018-05-18,2713.0,2717.3,2719.5,2709.2,-0.26%
2018-05-17,2720.1,2719.7,2732.0,2711.4,-0.09%
2018-05-16,2722.5,2712.6,2727.8,2712.2,0.41%
2018-05-15,2711.4,2718.6,2718.6,2701.9,-0.68%
2018-05-14,2730.1,2733.4,2742.1,2725.5,0.09%
2018-05-11,2727.7,2722.7,2732.9,2717.4,0.17%
2018-05-10,2723.1,2705.0,2726.1,2704.5,0.94%
2018-05-09,2697.8,2678.1,2701.3,2674.1,0.97%
2018-05-08,2671.9,2670.3,2676.3,2655.2,-0.03%
2018-05-07,2672.6,2669.4,2683.3,2664.7,0.35%
2018-05-04,2663.4,2621.4,2670.9,2615.3,1.28%
2018-05-03,2629.7,2628.1,2637.1,2594.6,-0.23%
2018-05-02,2635.7,2654.2,2660.9,2631.7,-0.72%
2018-05-01,2654.8,2643.6,2655.3,2625.4,0.25%
2018-04-30,2648.1,2675.1,2682.9,2648.0,-0.82%
2018-04-27,2669.9,2675.5,2677.3,2659.0,0.11%
2018-04-26,2666.9,2651.7,2676.5,2647.2,1.04%
2018-04-25,2639.4,2634.9,2645.3,2612.7,0.18%
2018-04-24,2634.6,2680.8,2683.6,2617.3,-1.34%
2018-04-23,2670.3,2675.4,2682.9,2658.0,0.01%
2018-04-20,2670.1,2692.6,2693.9,2660.6,-0.85%
2018-04-19,2693.1,2701.2,2702.8,2681.9,-0.57%
2018-04-18,2708.6,2710.1,2717.5,2703.6,0.08%
2018-04-17,2706.4,2692.7,2713.3,2692.1,1.07%
2018-04-16,2677.8,2670.1,2686.5,2665.2,0.81%
2018-04-13,2656.3,2676.9,2680.3,2645.1,-0.29%
2018-04-12,2664.0,2653.8,2674.7,2653.8,0.83%
2018-04-11,2642.2,2643.9,2661.4,2639.2,-0.55%
2018-04-10,2656.9,2638.4,2665.4,2635.8,1.67%
2018-04-09,2613.2,2617.2,2653.6,2610.8,0.33%
2018-04-06,2604.5,2645.8,2656.9,2586.3,-2.19%
2018-04-05,2662.8,2657.4,2672.1,2649.6,0.68%
2018-04-04,2644.7,2584.0,2649.9,2573.6,1.16%
2018-04-03,2614.4,2592.2,2619.1,2575.5,1.26%
